Insert into CONTRACTOR (ID,NAME,SHORTNAME,           ZIP,   BANK,                                                          CONTRACTORTYPEID,INN,          ACCOUNT,BIK,         KPP,       OGRN,OKONH,OKPO,CORRESPACCOUNT,         ADDRESS,                                     OKATO,OKVED) values 
             (10062,'ЗАО «Октопус»','ЗАО «Октопус»','127287', 'Волжское ОСБ 8553 г.Волжский, Волгоградское ОСБ № 8621 г. Волгоград',1,         '3435037185',null,  '041806647','771401001',null,null,null,'30101810100000000647','Россия, г. Москва, ул. 1-я Хуторская, д.8, к.3 ',null,null);

--Вставляем данные по договору, который в справке появляется несколько раз
Insert into CONTRACTDOC (ID,PRICE,CONTRACTTYPEID,STARTAT,ENDSAT,APPLIEDAT,APPROVEDAT,INTERNALNUM,CONTRACTORNUM,CURRENCYID,ORIGINCONTRACTID,NDSALGORITHMID,PREPAYMENTSUM,PREPAYMENTPERCENT,PREPAYMENTNDSALGORITHMID,NDSID,CONTRACTSTATEID,CURRENCYMEASUREID,CONTRACTORID,ISPROTECTABILITY,SUBJECT,                                                                                                             CURRENCYRATE,RATEDATE,DESCRIPTION,CONTRACTORPERSONID,ISACTIVE,AUTHORITYID,PREPAYMENTPRECENTTYPE,DELETED,DEPARTMENTID,AGREEMENTNUM) values 
                        (11200,350000,    4,    '21.04.11','31.12.11',null,'21.04.11','118-11-1',  null,         1,          null,           1,              null,         null,            null,                  1,       2,               1,             10062,         null,         'Экспертиза проектно-сметной документации на ликвидацию скважины № 53 Астраханского газоконденсатного месторождения',null,         null,     null,      null,              1,        null,          null,              null,   -1,              null);
					

Insert into WORKTYPE (ID,NAME,SHORTNAME) values (10020,'Экспертиза проектно-сметной документации на строительство','ЭПСД');
												

Insert into SCHEDULE (ID,CURRENCYMEASUREID,WORKTYPEID) values 
                     (1138,       1,         10020);


select * from stage  where ID=106110;


Insert into SCHEDULECONTRACT (ID,   CONTRACTDOCID,APPNUM,SCHEDULEID) values 
                             (10138,   11200,         1,       1138);

Insert into STAGE (ID,NUM,SUBJECT,                                                                                                                                                                       STARTSAT,       ENDSAT,PRICE,   NDSALGORITHMID,PARENTID,ACTID,SCHEDULEID,CODE,NDSID) values 
               (106110,'1','Разработка требований и рекомендаций по системе сбора, промысловой подготовке и внутрипромысловому транспорту газа на первоочередном участке работ Талдинского месторождения','01.07.10','30.06.11',2970000,  2,             null,    null,   1138,   null,  1);
Insert into STAGE (ID,NUM,SUBJECT,STARTSAT,ENDSAT,PRICE,NDSALGORITHMID,PARENTID,ACTID,SCHEDULEID,CODE,NDSID) values (106050,'2','Технико-экономическая оценка возможности использования метана угольных пластов Талдинского метаноугольного месторождения для выработки тепла и электроэнергии.','01.07.10','30.09.11',7627.12,2,null,null,1138,null,1);
Insert into STAGE (ID,NUM,SUBJECT,STARTSAT,ENDSAT,PRICE,NDSALGORITHMID,PARENTID,ACTID,SCHEDULEID,CODE,NDSID) values (106060,'3','Технико-экономическая оценка возможности использования метана угольных пластов для газоснабжения и газификации населенных пунктов и горных предприятий Кемеровской области, расположенных в районе первоочередных метаноугольных месторождений и площадей.','01.07.10','30.09.11',1694.9,2,null,null,1138,null,1);
Insert into STAGE (ID,NUM,SUBJECT,STARTSAT,ENDSAT,PRICE,NDSALGORITHMID,PARENTID,ACTID,SCHEDULEID,CODE,NDSID) values (106070,'4','Технико-экономическая оценка возможности использования метана угольных пластов в качестве газомоторного топлива.','01.07.10','30.09.11',1694.91,2,null,null,1138,null,1);
Insert into STAGE (ID,NUM,SUBJECT,STARTSAT,ENDSAT,PRICE,NDSALGORITHMID,PARENTID,ACTID,SCHEDULEID,CODE,NDSID) values (106080,'5','Разработка технико-экономических предложений по производству синтетических жидких топлив (СЖТ) из метана угольных пластов','01.07.10','30.09.11',1694.92,2,null,null,1138,null,1);
Insert into STAGE (ID,NUM,SUBJECT,STARTSAT,ENDSAT,PRICE,NDSALGORITHMID,PARENTID,ACTID,SCHEDULEID,CODE,NDSID) values (106090,'6','Разработка рекомендаций по выбору наиболее эффективного направления использования метана угольных пластов с учетом перспектив добычи и потенциальных рынков сбыта','01.07.10','01.07.12',5084.75,2,null,null,1138,null,1);


-- This query will display the current date

-- INSERTING into ACTTYPE
delete from ACTTYPE; 
Insert into ACTTYPE (ID,CONTRACTORID,TYPENAME,ISACTIVE) values (1,7,'Акт закрытия',1);
Insert into ACTTYPE (ID,CONTRACTORID,TYPENAME,ISACTIVE) values (-1,-1,'(Не определён)',null);


-- INSERTING into ACT
delete from ACT;
Insert into ACT (ID,NUM,SIGNDATE,ACTTYPEID,NDSID,REGIONID,TOTALSUM,SUMFORTRANSFER,STATUS,ENTERPRICEAUTHORITYID,CURRENCYRATE,RATEDATE,NDSALGORITHMID,CURRENCYID,CURRENCYMEASUREID,ISSIGNED) values 
                (10054,'1','31.08.05',-1,    1,   -1,      2500000,  1500000,      null,           -1,            null,      null,       3,             1,        1,               0);
Insert into ACT (ID,NUM,SIGNDATE,ACTTYPEID,NDSID,REGIONID,TOTALSUM,SUMFORTRANSFER,STATUS,ENTERPRICEAUTHORITYID,CURRENCYRATE,RATEDATE,NDSALGORITHMID,CURRENCYID,CURRENCYMEASUREID,ISSIGNED) values (10055,'2','16.12.05',-1,1,-1,4555000,2733000,null,-1,null,null,3,1,1,0);
Insert into ACT (ID,NUM,SIGNDATE,ACTTYPEID,NDSID,REGIONID,TOTALSUM,SUMFORTRANSFER,STATUS,ENTERPRICEAUTHORITYID,CURRENCYRATE,RATEDATE,NDSALGORITHMID,CURRENCYID,CURRENCYMEASUREID,ISSIGNED) values (10122,'3','22.09.08',-1,1,-1,2860320,2002224,null,-1,null,null,1,1,1,0);
Insert into ACT (ID,NUM,SIGNDATE,ACTTYPEID,NDSID,REGIONID,TOTALSUM,SUMFORTRANSFER,STATUS,ENTERPRICEAUTHORITYID,CURRENCYRATE,RATEDATE,NDSALGORITHMID,CURRENCYID,CURRENCYMEASUREID,ISSIGNED) values (10057,null,'20.05.11',-1,1,-1,0,350000,null,-1,null,null,1,1,1,0);
Insert into ACT (ID,NUM,SIGNDATE,ACTTYPEID,NDSID,REGIONID,TOTALSUM,SUMFORTRANSFER,STATUS,ENTERPRICEAUTHORITYID,CURRENCYRATE,RATEDATE,NDSALGORITHMID,CURRENCYID,CURRENCYMEASUREID,ISSIGNED) values (10123,'4','22.09.08',-1,1,-1,3739420,2617594,null,-1,null,null,1,1,1,0);
Insert into ACT (ID,NUM,SIGNDATE,ACTTYPEID,NDSID,REGIONID,TOTALSUM,SUMFORTRANSFER,STATUS,ENTERPRICEAUTHORITYID,CURRENCYRATE,RATEDATE,NDSALGORITHMID,CURRENCYID,CURRENCYMEASUREID,ISSIGNED) values (10087,'1','15.06.11',-1,1,-1,19999820,13999874,null,-1,null,null,-1,1,1,0);
Insert into ACT (ID,NUM,SIGNDATE,ACTTYPEID,NDSID,REGIONID,TOTALSUM,SUMFORTRANSFER,STATUS,ENTERPRICEAUTHORITYID,CURRENCYRATE,RATEDATE,NDSALGORITHMID,CURRENCYID,CURRENCYMEASUREID,ISSIGNED) values (10088,'4','30.06.11',-1,1,-1,9999969,6999978.3,null,-1,null,null,-1,1,1,0);
Insert into ACT (ID,NUM,SIGNDATE,ACTTYPEID,NDSID,REGIONID,TOTALSUM,SUMFORTRANSFER,STATUS,ENTERPRICEAUTHORITYID,CURRENCYRATE,RATEDATE,NDSALGORITHMID,CURRENCYID,CURRENCYMEASUREID,ISSIGNED) values (10124,'6','30.12.09',-1,1,-1,3300460,2310322,null,-1,null,null,1,1,1,0);
Insert into ACT (ID,NUM,SIGNDATE,ACTTYPEID,NDSID,REGIONID,TOTALSUM,SUMFORTRANSFER,STATUS,ENTERPRICEAUTHORITYID,CURRENCYRATE,RATEDATE,NDSALGORITHMID,CURRENCYID,CURRENCYMEASUREID,ISSIGNED) values (10092,'1','28.12.06',-1,1,-1,4000000,4000000,null,-1,null,null,1,1,1,0);
Insert into ACT (ID,NUM,SIGNDATE,ACTTYPEID,NDSID,REGIONID,TOTALSUM,SUMFORTRANSFER,STATUS,ENTERPRICEAUTHORITYID,CURRENCYRATE,RATEDATE,NDSALGORITHMID,CURRENCYID,CURRENCYMEASUREID,ISSIGNED) values (10093,'2','28.12.06',-1,1,-1,10000000,10000000,null,-1,null,null,1,1,1,0);
Insert into ACT (ID,NUM,SIGNDATE,ACTTYPEID,NDSID,REGIONID,TOTALSUM,SUMFORTRANSFER,STATUS,ENTERPRICEAUTHORITYID,CURRENCYRATE,RATEDATE,NDSALGORITHMID,CURRENCYID,CURRENCYMEASUREID,ISSIGNED) values (10094,'1','31.12.10',-1,1,-1,11999998.2,8399998.74,null,-1,null,null,1,1,1,0);
Insert into ACT (ID,NUM,SIGNDATE,ACTTYPEID,NDSID,REGIONID,TOTALSUM,SUMFORTRANSFER,STATUS,ENTERPRICEAUTHORITYID,CURRENCYRATE,RATEDATE,NDSALGORITHMID,CURRENCYID,CURRENCYMEASUREID,ISSIGNED) values (10095,null,null,-1,1,-1,0,350000.98,null,-1,null,null,1,1,1,0);
Insert into ACT (ID,NUM,SIGNDATE,ACTTYPEID,NDSID,REGIONID,TOTALSUM,SUMFORTRANSFER,STATUS,ENTERPRICEAUTHORITYID,CURRENCYRATE,RATEDATE,NDSALGORITHMID,CURRENCYID,CURRENCYMEASUREID,ISSIGNED) values (10096,null,null,-1,1,-1,5084.75,null,null,-1,null,null,1,1,1,0);
Insert into ACT (ID,NUM,SIGNDATE,ACTTYPEID,NDSID,REGIONID,TOTALSUM,SUMFORTRANSFER,STATUS,ENTERPRICEAUTHORITYID,CURRENCYRATE,RATEDATE,NDSALGORITHMID,CURRENCYID,CURRENCYMEASUREID,ISSIGNED) values (10125,'5','29.12.09',-1,1,-1,2199520,1539664,null,-1,null,null,1,1,1,0);
Insert into ACT (ID,NUM,SIGNDATE,ACTTYPEID,NDSID,REGIONID,TOTALSUM,SUMFORTRANSFER,STATUS,ENTERPRICEAUTHORITYID,CURRENCYRATE,RATEDATE,NDSALGORITHMID,CURRENCYID,CURRENCYMEASUREID,ISSIGNED) values (10126,'2','26.06.09',-1,1,-1,3519940,2617594,null,-1,null,null,1,1,1,0);
Insert into ACT (ID,NUM,SIGNDATE,ACTTYPEID,NDSID,REGIONID,TOTALSUM,SUMFORTRANSFER,STATUS,ENTERPRICEAUTHORITYID,CURRENCYRATE,RATEDATE,NDSALGORITHMID,CURRENCYID,CURRENCYMEASUREID,ISSIGNED) values (10127,'1','24.12.08',-1,1,-1,3079800,2155860,null,-1,null,null,1,1,1,0);
Insert into ACT (ID,NUM,SIGNDATE,ACTTYPEID,NDSID,REGIONID,TOTALSUM,SUMFORTRANSFER,STATUS,ENTERPRICEAUTHORITYID,CURRENCYRATE,RATEDATE,NDSALGORITHMID,CURRENCYID,CURRENCYMEASUREID,ISSIGNED) values (10128,'1','15.12.08',-1,1,-1,930000,930000,null,-1,null,null,1,1,1,0);
Insert into ACT (ID,NUM,SIGNDATE,ACTTYPEID,NDSID,REGIONID,TOTALSUM,SUMFORTRANSFER,STATUS,ENTERPRICEAUTHORITYID,CURRENCYRATE,RATEDATE,NDSALGORITHMID,CURRENCYID,CURRENCYMEASUREID,ISSIGNED) values (10273,'6/22','24.03.08',-1,1,-1,646453.33,646453.33,null,-1,null,null,-1,1,1,0);
Insert into ACT (ID,NUM,SIGNDATE,ACTTYPEID,NDSID,REGIONID,TOTALSUM,SUMFORTRANSFER,STATUS,ENTERPRICEAUTHORITYID,CURRENCYRATE,RATEDATE,NDSALGORITHMID,CURRENCYID,CURRENCYMEASUREID,ISSIGNED) values (10274,'74','20.06.08',-1,1,-1,1687200,1687200,null,-1,null,null,1,1,1,0);
Insert into ACT (ID,NUM,SIGNDATE,ACTTYPEID,NDSID,REGIONID,TOTALSUM,SUMFORTRANSFER,STATUS,ENTERPRICEAUTHORITYID,CURRENCYRATE,RATEDATE,NDSALGORITHMID,CURRENCYID,CURRENCYMEASUREID,ISSIGNED) values (10275,'75','20.06.08',-1,1,-1,853536,853536,null,-1,null,null,1,1,1,0);
Insert into ACT (ID,NUM,SIGNDATE,ACTTYPEID,NDSID,REGIONID,TOTALSUM,SUMFORTRANSFER,STATUS,ENTERPRICEAUTHORITYID,CURRENCYRATE,RATEDATE,NDSALGORITHMID,CURRENCYID,CURRENCYMEASUREID,ISSIGNED) values (10276,'76','20.06.08',-1,1,-1,1491306.67,1491306.67,null,-1,null,null,1,1,1,0);
Insert into ACT (ID,NUM,SIGNDATE,ACTTYPEID,NDSID,REGIONID,TOTALSUM,SUMFORTRANSFER,STATUS,ENTERPRICEAUTHORITYID,CURRENCYRATE,RATEDATE,NDSALGORITHMID,CURRENCYID,CURRENCYMEASUREID,ISSIGNED) values (10277,'6/23','24.03.08',-1,1,-1,1582613.33,1582613.33,null,-1,null,null,1,1,1,0);
Insert into ACT (ID,NUM,SIGNDATE,ACTTYPEID,NDSID,REGIONID,TOTALSUM,SUMFORTRANSFER,STATUS,ENTERPRICEAUTHORITYID,CURRENCYRATE,RATEDATE,NDSALGORITHMID,CURRENCYID,CURRENCYMEASUREID,ISSIGNED) values (10278,'77','20.06.08',-1,1,-1,449706.67,449706.67,null,-1,null,null,1,1,1,0);
Insert into ACT (ID,NUM,SIGNDATE,ACTTYPEID,NDSID,REGIONID,TOTALSUM,SUMFORTRANSFER,STATUS,ENTERPRICEAUTHORITYID,CURRENCYRATE,RATEDATE,NDSALGORITHMID,CURRENCYID,CURRENCYMEASUREID,ISSIGNED) values (10279,'6/24','24.03.08',-1,1,-1,1305333.33,1305333.33,null,-1,null,null,1,1,1,0);
Insert into ACT (ID,NUM,SIGNDATE,ACTTYPEID,NDSID,REGIONID,TOTALSUM,SUMFORTRANSFER,STATUS,ENTERPRICEAUTHORITYID,CURRENCYRATE,RATEDATE,NDSALGORITHMID,CURRENCYID,CURRENCYMEASUREID,ISSIGNED) values (10280,'78','20.06.08',-1,1,-1,830666.67,830666.67,null,-1,null,null,1,1,1,0);
Insert into ACT (ID,NUM,SIGNDATE,ACTTYPEID,NDSID,REGIONID,TOTALSUM,SUMFORTRANSFER,STATUS,ENTERPRICEAUTHORITYID,CURRENCYRATE,RATEDATE,NDSALGORITHMID,CURRENCYID,CURRENCYMEASUREID,ISSIGNED) values (10281,'6/25','24.03.08',-1,1,-1,1698666.67,1698666.67,null,-1,null,null,1,1,1,0);
Insert into ACT (ID,NUM,SIGNDATE,ACTTYPEID,NDSID,REGIONID,TOTALSUM,SUMFORTRANSFER,STATUS,ENTERPRICEAUTHORITYID,CURRENCYRATE,RATEDATE,NDSALGORITHMID,CURRENCYID,CURRENCYMEASUREID,ISSIGNED) values (10282,'79','20.06.08',-1,1,-1,373333.33,373333.33,null,-1,null,null,1,1,1,0);
Insert into ACT (ID,NUM,SIGNDATE,ACTTYPEID,NDSID,REGIONID,TOTALSUM,SUMFORTRANSFER,STATUS,ENTERPRICEAUTHORITYID,CURRENCYRATE,RATEDATE,NDSALGORITHMID,CURRENCYID,CURRENCYMEASUREID,ISSIGNED) values (10283,'80','20.06.08',-1,1,-1,373333.33,373333.33,null,-1,null,null,1,1,1,0);
Insert into ACT (ID,NUM,SIGNDATE,ACTTYPEID,NDSID,REGIONID,TOTALSUM,SUMFORTRANSFER,STATUS,ENTERPRICEAUTHORITYID,CURRENCYRATE,RATEDATE,NDSALGORITHMID,CURRENCYID,CURRENCYMEASUREID,ISSIGNED) values (10284,'6/26','24.03.08',-1,1,-1,2166005.64,2166005.64,null,-1,null,null,1,1,1,0);
Insert into ACT (ID,NUM,SIGNDATE,ACTTYPEID,NDSID,REGIONID,TOTALSUM,SUMFORTRANSFER,STATUS,ENTERPRICEAUTHORITYID,CURRENCYRATE,RATEDATE,NDSALGORITHMID,CURRENCYID,CURRENCYMEASUREID,ISSIGNED) values (10285,'6/27','24.03.08',-1,1,-1,1214306.73,1214306.73,null,-1,null,null,1,1,1,0);
Insert into ACT (ID,NUM,SIGNDATE,ACTTYPEID,NDSID,REGIONID,TOTALSUM,SUMFORTRANSFER,STATUS,ENTERPRICEAUTHORITYID,CURRENCYRATE,RATEDATE,NDSALGORITHMID,CURRENCYID,CURRENCYMEASUREID,ISSIGNED) values (10286,'6/28','24.03.08',-1,1,-1,2053801.74,2053801.74,null,-1,null,null,1,1,1,0);
Insert into ACT (ID,NUM,SIGNDATE,ACTTYPEID,NDSID,REGIONID,TOTALSUM,SUMFORTRANSFER,STATUS,ENTERPRICEAUTHORITYID,CURRENCYRATE,RATEDATE,NDSALGORITHMID,CURRENCYID,CURRENCYMEASUREID,ISSIGNED) values (10287,'6/29','24.03.08',-1,1,-1,5175000,5175000,null,-1,null,null,1,1,1,0);
Insert into ACT (ID,NUM,SIGNDATE,ACTTYPEID,NDSID,REGIONID,TOTALSUM,SUMFORTRANSFER,STATUS,ENTERPRICEAUTHORITYID,CURRENCYRATE,RATEDATE,NDSALGORITHMID,CURRENCYID,CURRENCYMEASUREID,ISSIGNED) values (10288,'6/30','24.03.08',-1,1,-1,1354666.67,1354666.67,null,-1,null,null,1,1,1,0);
Insert into ACT (ID,NUM,SIGNDATE,ACTTYPEID,NDSID,REGIONID,TOTALSUM,SUMFORTRANSFER,STATUS,ENTERPRICEAUTHORITYID,CURRENCYRATE,RATEDATE,NDSALGORITHMID,CURRENCYID,CURRENCYMEASUREID,ISSIGNED) values (10289,'6/31','24.03.08',-1,1,-1,895466.67,895466.67,null,-1,null,null,1,1,1,0);
Insert into ACT (ID,NUM,SIGNDATE,ACTTYPEID,NDSID,REGIONID,TOTALSUM,SUMFORTRANSFER,STATUS,ENTERPRICEAUTHORITYID,CURRENCYRATE,RATEDATE,NDSALGORITHMID,CURRENCYID,CURRENCYMEASUREID,ISSIGNED) values (10290,'6/32','24.03.08',-1,1,-1,1962666.67,1962666.67,null,-1,null,null,1,1,1,0);
Insert into ACT (ID,NUM,SIGNDATE,ACTTYPEID,NDSID,REGIONID,TOTALSUM,SUMFORTRANSFER,STATUS,ENTERPRICEAUTHORITYID,CURRENCYRATE,RATEDATE,NDSALGORITHMID,CURRENCYID,CURRENCYMEASUREID,ISSIGNED) values (10291,'6/36','24.03.08',-1,1,-1,1643733.33,1643733.33,null,-1,null,null,1,1,1,0);
Insert into ACT (ID,NUM,SIGNDATE,ACTTYPEID,NDSID,REGIONID,TOTALSUM,SUMFORTRANSFER,STATUS,ENTERPRICEAUTHORITYID,CURRENCYRATE,RATEDATE,NDSALGORITHMID,CURRENCYID,CURRENCYMEASUREID,ISSIGNED) values (10292,'6/34','24.03.08',-1,1,-1,1717333.33,1717333.33,null,-1,null,null,1,1,1,0);
Insert into ACT (ID,NUM,SIGNDATE,ACTTYPEID,NDSID,REGIONID,TOTALSUM,SUMFORTRANSFER,STATUS,ENTERPRICEAUTHORITYID,CURRENCYRATE,RATEDATE,NDSALGORITHMID,CURRENCYID,CURRENCYMEASUREID,ISSIGNED) values (10293,'6/35','24.03.08',-1,1,-1,1337066.67,1337066.67,null,-1,null,null,1,1,1,0);
Insert into ACT (ID,NUM,SIGNDATE,ACTTYPEID,NDSID,REGIONID,TOTALSUM,SUMFORTRANSFER,STATUS,ENTERPRICEAUTHORITYID,CURRENCYRATE,RATEDATE,NDSALGORITHMID,CURRENCYID,CURRENCYMEASUREID,ISSIGNED) values (10294,'82','20.06.08',-1,1,-1,611441.65,611441.65,null,-1,null,null,1,1,1,0);
Insert into ACT (ID,NUM,SIGNDATE,ACTTYPEID,NDSID,REGIONID,TOTALSUM,SUMFORTRANSFER,STATUS,ENTERPRICEAUTHORITYID,CURRENCYRATE,RATEDATE,NDSALGORITHMID,CURRENCYID,CURRENCYMEASUREID,ISSIGNED) values (10295,'83','20.06.08',-1,1,-1,564106.45,564106.45,null,-1,null,null,1,1,1,0);
Insert into ACT (ID,NUM,SIGNDATE,ACTTYPEID,NDSID,REGIONID,TOTALSUM,SUMFORTRANSFER,STATUS,ENTERPRICEAUTHORITYID,CURRENCYRATE,RATEDATE,NDSALGORITHMID,CURRENCYID,CURRENCYMEASUREID,ISSIGNED) values (10296,'6/36','24.03.08',-1,1,-1,1221540.55,1221540.55,null,-1,null,null,1,1,1,0);
Insert into ACT (ID,NUM,SIGNDATE,ACTTYPEID,NDSID,REGIONID,TOTALSUM,SUMFORTRANSFER,STATUS,ENTERPRICEAUTHORITYID,CURRENCYRATE,RATEDATE,NDSALGORITHMID,CURRENCYID,CURRENCYMEASUREID,ISSIGNED) values (10297,'84','20.06.08',-1,1,-1,1010160,1010160,null,-1,null,null,1,1,1,0);
Insert into ACT (ID,NUM,SIGNDATE,ACTTYPEID,NDSID,REGIONID,TOTALSUM,SUMFORTRANSFER,STATUS,ENTERPRICEAUTHORITYID,CURRENCYRATE,RATEDATE,NDSALGORITHMID,CURRENCYID,CURRENCYMEASUREID,ISSIGNED) values (10298,'1','15.03.11',-1,1,-1,30600000,21420000,null,-1,null,null,1,1,1,0);
Insert into ACT (ID,NUM,SIGNDATE,ACTTYPEID,NDSID,REGIONID,TOTALSUM,SUMFORTRANSFER,STATUS,ENTERPRICEAUTHORITYID,CURRENCYRATE,RATEDATE,NDSALGORITHMID,CURRENCYID,CURRENCYMEASUREID,ISSIGNED) values (10299,'2','15.06.11',-1,1,-1,45900000,32130000,null,-1,null,null,1,1,1,0);
Insert into ACT (ID,NUM,SIGNDATE,ACTTYPEID,NDSID,REGIONID,TOTALSUM,SUMFORTRANSFER,STATUS,ENTERPRICEAUTHORITYID,CURRENCYRATE,RATEDATE,NDSALGORITHMID,CURRENCYID,CURRENCYMEASUREID,ISSIGNED) values (10300,null,null,-1,1,-1,null,null,null,-1,null,null,-1,1,1,0);
Insert into ACT (ID,NUM,SIGNDATE,ACTTYPEID,NDSID,REGIONID,TOTALSUM,SUMFORTRANSFER,STATUS,ENTERPRICEAUTHORITYID,CURRENCYRATE,RATEDATE,NDSALGORITHMID,CURRENCYID,CURRENCYMEASUREID,ISSIGNED) values (10301,'85','20.06.08',-1,1,-1,418293.33,null,null,-1,null,null,1,1,1,0);
Insert into ACT (ID,NUM,SIGNDATE,ACTTYPEID,NDSID,REGIONID,TOTALSUM,SUMFORTRANSFER,STATUS,ENTERPRICEAUTHORITYID,CURRENCYRATE,RATEDATE,NDSALGORITHMID,CURRENCYID,CURRENCYMEASUREID,ISSIGNED) values (10302,'6/37','24.03.08',-1,1,-1,3794850.23,3794850.23,null,-1,null,null,1,1,1,0);
Insert into ACT (ID,NUM,SIGNDATE,ACTTYPEID,NDSID,REGIONID,TOTALSUM,SUMFORTRANSFER,STATUS,ENTERPRICEAUTHORITYID,CURRENCYRATE,RATEDATE,NDSALGORITHMID,CURRENCYID,CURRENCYMEASUREID,ISSIGNED) values (10303,'6/38','24.03.08',-1,1,-1,320320,320320,null,-1,null,null,1,1,1,0);
Insert into ACT (ID,NUM,SIGNDATE,ACTTYPEID,NDSID,REGIONID,TOTALSUM,SUMFORTRANSFER,STATUS,ENTERPRICEAUTHORITYID,CURRENCYRATE,RATEDATE,NDSALGORITHMID,CURRENCYID,CURRENCYMEASUREID,ISSIGNED) values (10304,'6/38','24.03.08',-1,1,-1,3823575.87,3823575.87,null,-1,null,null,1,1,1,0);
Insert into ACT (ID,NUM,SIGNDATE,ACTTYPEID,NDSID,REGIONID,TOTALSUM,SUMFORTRANSFER,STATUS,ENTERPRICEAUTHORITYID,CURRENCYRATE,RATEDATE,NDSALGORITHMID,CURRENCYID,CURRENCYMEASUREID,ISSIGNED) values (10305,'6/39','24.03.08',-1,1,-1,2665066.67,2665066.67,null,-1,null,null,1,1,1,0);
Insert into ACT (ID,NUM,SIGNDATE,ACTTYPEID,NDSID,REGIONID,TOTALSUM,SUMFORTRANSFER,STATUS,ENTERPRICEAUTHORITYID,CURRENCYRATE,RATEDATE,NDSALGORITHMID,CURRENCYID,CURRENCYMEASUREID,ISSIGNED) values (10306,'6/40','24.03.08',-1,1,-1,4389267.67,4389267.67,null,-1,null,null,1,1,1,0);
Insert into ACT (ID,NUM,SIGNDATE,ACTTYPEID,NDSID,REGIONID,TOTALSUM,SUMFORTRANSFER,STATUS,ENTERPRICEAUTHORITYID,CURRENCYRATE,RATEDATE,NDSALGORITHMID,CURRENCYID,CURRENCYMEASUREID,ISSIGNED) values (10307,'6/41','24.03.08',-1,1,-1,3210666.67,3210666.67,null,-1,null,null,-1,1,1,0);
Insert into ACT (ID,NUM,SIGNDATE,ACTTYPEID,NDSID,REGIONID,TOTALSUM,SUMFORTRANSFER,STATUS,ENTERPRICEAUTHORITYID,CURRENCYRATE,RATEDATE,NDSALGORITHMID,CURRENCYID,CURRENCYMEASUREID,ISSIGNED) values (10308,'6/42','24.03.08',-1,1,-1,4130440,4130440,null,-1,null,null,1,1,1,0);
Insert into ACT (ID,NUM,SIGNDATE,ACTTYPEID,NDSID,REGIONID,TOTALSUM,SUMFORTRANSFER,STATUS,ENTERPRICEAUTHORITYID,CURRENCYRATE,RATEDATE,NDSALGORITHMID,CURRENCYID,CURRENCYMEASUREID,ISSIGNED) values (10309,'6/43','24.03.08',-1,1,-1,1152000,1152000,null,-1,null,null,-1,1,1,0);
Insert into ACT (ID,NUM,SIGNDATE,ACTTYPEID,NDSID,REGIONID,TOTALSUM,SUMFORTRANSFER,STATUS,ENTERPRICEAUTHORITYID,CURRENCYRATE,RATEDATE,NDSALGORITHMID,CURRENCYID,CURRENCYMEASUREID,ISSIGNED) values (10310,'6/44','24.03.08',-1,1,-1,1161921.95,1161921.95,null,-1,null,null,1,1,1,0);
Insert into ACT (ID,NUM,SIGNDATE,ACTTYPEID,NDSID,REGIONID,TOTALSUM,SUMFORTRANSFER,STATUS,ENTERPRICEAUTHORITYID,CURRENCYRATE,RATEDATE,NDSALGORITHMID,CURRENCYID,CURRENCYMEASUREID,ISSIGNED) values (10311,'6/45','24.03.08',-1,1,-1,4685280,4685280,null,-1,null,null,1,1,1,0);
Insert into ACT (ID,NUM,SIGNDATE,ACTTYPEID,NDSID,REGIONID,TOTALSUM,SUMFORTRANSFER,STATUS,ENTERPRICEAUTHORITYID,CURRENCYRATE,RATEDATE,NDSALGORITHMID,CURRENCYID,CURRENCYMEASUREID,ISSIGNED) values (10312,'6/46','23.03.08',-1,1,-1,1800000,1800000,null,-1,null,null,1,1,1,0);
Insert into ACT (ID,NUM,SIGNDATE,ACTTYPEID,NDSID,REGIONID,TOTALSUM,SUMFORTRANSFER,STATUS,ENTERPRICEAUTHORITYID,CURRENCYRATE,RATEDATE,NDSALGORITHMID,CURRENCYID,CURRENCYMEASUREID,ISSIGNED) values (10313,'6/47','24.03.08',-1,1,-1,5302219.14,5302219.14,null,-1,null,null,1,1,1,0);
Insert into ACT (ID,NUM,SIGNDATE,ACTTYPEID,NDSID,REGIONID,TOTALSUM,SUMFORTRANSFER,STATUS,ENTERPRICEAUTHORITYID,CURRENCYRATE,RATEDATE,NDSALGORITHMID,CURRENCYID,CURRENCYMEASUREID,ISSIGNED) values (10314,'6/48','24.03.08',-1,1,-1,3792000,3792000,null,-1,null,null,1,1,1,0);
Insert into ACT (ID,NUM,SIGNDATE,ACTTYPEID,NDSID,REGIONID,TOTALSUM,SUMFORTRANSFER,STATUS,ENTERPRICEAUTHORITYID,CURRENCYRATE,RATEDATE,NDSALGORITHMID,CURRENCYID,CURRENCYMEASUREID,ISSIGNED) values (10315,'87','20.06.08',-1,1,-1,1428117.6,1428117.6,null,-1,null,null,1,1,1,0);
Insert into ACT (ID,NUM,SIGNDATE,ACTTYPEID,NDSID,REGIONID,TOTALSUM,SUMFORTRANSFER,STATUS,ENTERPRICEAUTHORITYID,CURRENCYRATE,RATEDATE,NDSALGORITHMID,CURRENCYID,CURRENCYMEASUREID,ISSIGNED) values (10316,'88','20.06.08',-1,1,-1,1649921.91,1649921.91,null,-1,null,null,1,1,1,0);
Insert into ACT (ID,NUM,SIGNDATE,ACTTYPEID,NDSID,REGIONID,TOTALSUM,SUMFORTRANSFER,STATUS,ENTERPRICEAUTHORITYID,CURRENCYRATE,RATEDATE,NDSALGORITHMID,CURRENCYID,CURRENCYMEASUREID,ISSIGNED) values (10317,'89','20.06.08',-1,1,-1,4980210.34,4980210.34,null,-1,null,null,1,1,1,0);
Insert into ACT (ID,NUM,SIGNDATE,ACTTYPEID,NDSID,REGIONID,TOTALSUM,SUMFORTRANSFER,STATUS,ENTERPRICEAUTHORITYID,CURRENCYRATE,RATEDATE,NDSALGORITHMID,CURRENCYID,CURRENCYMEASUREID,ISSIGNED) values (10318,'6/49','20.06.08',-1,1,-1,10000000,10000000,null,-1,null,null,1,1,1,0);
Insert into ACT (ID,NUM,SIGNDATE,ACTTYPEID,NDSID,REGIONID,TOTALSUM,SUMFORTRANSFER,STATUS,ENTERPRICEAUTHORITYID,CURRENCYRATE,RATEDATE,NDSALGORITHMID,CURRENCYID,CURRENCYMEASUREID,ISSIGNED) values (10319,'90','20.06.08',-1,1,-1,440000,440000,null,-1,null,null,1,1,1,0);
Insert into ACT (ID,NUM,SIGNDATE,ACTTYPEID,NDSID,REGIONID,TOTALSUM,SUMFORTRANSFER,STATUS,ENTERPRICEAUTHORITYID,CURRENCYRATE,RATEDATE,NDSALGORITHMID,CURRENCYID,CURRENCYMEASUREID,ISSIGNED) values (10320,'6/50','23.03.08',-1,1,-1,1666666.67,1666666.67,null,-1,null,null,1,1,1,0);
Insert into ACT (ID,NUM,SIGNDATE,ACTTYPEID,NDSID,REGIONID,TOTALSUM,SUMFORTRANSFER,STATUS,ENTERPRICEAUTHORITYID,CURRENCYRATE,RATEDATE,NDSALGORITHMID,CURRENCYID,CURRENCYMEASUREID,ISSIGNED) values (10321,'91','23.06.08',-1,1,-1,656934.1,656934.1,null,-1,null,null,1,1,1,0);
Insert into ACT (ID,NUM,SIGNDATE,ACTTYPEID,NDSID,REGIONID,TOTALSUM,SUMFORTRANSFER,STATUS,ENTERPRICEAUTHORITYID,CURRENCYRATE,RATEDATE,NDSALGORITHMID,CURRENCYID,CURRENCYMEASUREID,ISSIGNED) values (10322,'92','20.06.08',-1,1,-1,199936.46,199936.46,null,-1,null,null,1,1,1,0);
Insert into ACT (ID,NUM,SIGNDATE,ACTTYPEID,NDSID,REGIONID,TOTALSUM,SUMFORTRANSFER,STATUS,ENTERPRICEAUTHORITYID,CURRENCYRATE,RATEDATE,NDSALGORITHMID,CURRENCYID,CURRENCYMEASUREID,ISSIGNED) values (10323,'93','20.06.08',-1,1,-1,701059.05,701059.05,null,-1,null,null,1,1,1,0);
Insert into ACT (ID,NUM,SIGNDATE,ACTTYPEID,NDSID,REGIONID,TOTALSUM,SUMFORTRANSFER,STATUS,ENTERPRICEAUTHORITYID,CURRENCYRATE,RATEDATE,NDSALGORITHMID,CURRENCYID,CURRENCYMEASUREID,ISSIGNED) values (10324,'94','20.06.08',-1,1,-1,1844030.37,1844030.37,null,-1,null,null,1,1,1,0);
Insert into ACT (ID,NUM,SIGNDATE,ACTTYPEID,NDSID,REGIONID,TOTALSUM,SUMFORTRANSFER,STATUS,ENTERPRICEAUTHORITYID,CURRENCYRATE,RATEDATE,NDSALGORITHMID,CURRENCYID,CURRENCYMEASUREID,ISSIGNED) values (10325,'95','20.06.08',-1,1,-1,2558941.91,2558941.91,null,-1,null,null,1,1,1,0);
Insert into ACT (ID,NUM,SIGNDATE,ACTTYPEID,NDSID,REGIONID,TOTALSUM,SUMFORTRANSFER,STATUS,ENTERPRICEAUTHORITYID,CURRENCYRATE,RATEDATE,NDSALGORITHMID,CURRENCYID,CURRENCYMEASUREID,ISSIGNED) values (10326,'96','20.06.08',-1,1,-1,1667725.45,1667725.45,null,-1,null,null,1,1,1,0);
Insert into ACT (ID,NUM,SIGNDATE,ACTTYPEID,NDSID,REGIONID,TOTALSUM,SUMFORTRANSFER,STATUS,ENTERPRICEAUTHORITYID,CURRENCYRATE,RATEDATE,NDSALGORITHMID,CURRENCYID,CURRENCYMEASUREID,ISSIGNED) values (10327,'97','20.06.08',-1,1,-1,885432.91,885432.91,null,-1,null,null,1,1,1,0);
Insert into ACT (ID,NUM,SIGNDATE,ACTTYPEID,NDSID,REGIONID,TOTALSUM,SUMFORTRANSFER,STATUS,ENTERPRICEAUTHORITYID,CURRENCYRATE,RATEDATE,NDSALGORITHMID,CURRENCYID,CURRENCYMEASUREID,ISSIGNED) values (10328,'98','20.06.08',-1,1,-1,645551.87,645551.87,null,-1,null,null,1,1,1,0);
Insert into ACT (ID,NUM,SIGNDATE,ACTTYPEID,NDSID,REGIONID,TOTALSUM,SUMFORTRANSFER,STATUS,ENTERPRICEAUTHORITYID,CURRENCYRATE,RATEDATE,NDSALGORITHMID,CURRENCYID,CURRENCYMEASUREID,ISSIGNED) values (10329,'99','20.06.08',-1,1,-1,5819461.64,5819461.64,null,-1,null,null,1,1,1,0);
Insert into ACT (ID,NUM,SIGNDATE,ACTTYPEID,NDSID,REGIONID,TOTALSUM,SUMFORTRANSFER,STATUS,ENTERPRICEAUTHORITYID,CURRENCYRATE,RATEDATE,NDSALGORITHMID,CURRENCYID,CURRENCYMEASUREID,ISSIGNED) values (10330,'100','20.06.08',-1,1,-1,899714.09,899714.09,null,-1,null,null,1,1,1,0);
Insert into ACT (ID,NUM,SIGNDATE,ACTTYPEID,NDSID,REGIONID,TOTALSUM,SUMFORTRANSFER,STATUS,ENTERPRICEAUTHORITYID,CURRENCYRATE,RATEDATE,NDSALGORITHMID,CURRENCYID,CURRENCYMEASUREID,ISSIGNED) values (10331,'101','20.06.08',-1,1,-1,1001318.84,1001318.84,null,-1,null,null,1,1,1,0);
Insert into ACT (ID,NUM,SIGNDATE,ACTTYPEID,NDSID,REGIONID,TOTALSUM,SUMFORTRANSFER,STATUS,ENTERPRICEAUTHORITYID,CURRENCYRATE,RATEDATE,NDSALGORITHMID,CURRENCYID,CURRENCYMEASUREID,ISSIGNED) values (10332,'102','20.06.08',-1,1,-1,414154.1,414154.1,null,-1,null,null,1,1,1,0);
Insert into ACT (ID,NUM,SIGNDATE,ACTTYPEID,NDSID,REGIONID,TOTALSUM,SUMFORTRANSFER,STATUS,ENTERPRICEAUTHORITYID,CURRENCYRATE,RATEDATE,NDSALGORITHMID,CURRENCYID,CURRENCYMEASUREID,ISSIGNED) values (10333,'103','20.06.08',-1,1,-1,559381.84,559381.84,null,-1,null,null,1,1,1,0);
Insert into ACT (ID,NUM,SIGNDATE,ACTTYPEID,NDSID,REGIONID,TOTALSUM,SUMFORTRANSFER,STATUS,ENTERPRICEAUTHORITYID,CURRENCYRATE,RATEDATE,NDSALGORITHMID,CURRENCYID,CURRENCYMEASUREID,ISSIGNED) values (10334,'104','20.06.08',-1,1,-1,1034350.02,1034350.02,null,-1,null,null,1,1,1,0);
Insert into ACT (ID,NUM,SIGNDATE,ACTTYPEID,NDSID,REGIONID,TOTALSUM,SUMFORTRANSFER,STATUS,ENTERPRICEAUTHORITYID,CURRENCYRATE,RATEDATE,NDSALGORITHMID,CURRENCYID,CURRENCYMEASUREID,ISSIGNED) values (10335,'105','20.06.08',-1,1,-1,2512831.98,2512831.98,null,-1,null,null,1,1,1,0);
Insert into ACT (ID,NUM,SIGNDATE,ACTTYPEID,NDSID,REGIONID,TOTALSUM,SUMFORTRANSFER,STATUS,ENTERPRICEAUTHORITYID,CURRENCYRATE,RATEDATE,NDSALGORITHMID,CURRENCYID,CURRENCYMEASUREID,ISSIGNED) values (10336,'106','20.06.08',-1,1,-1,1977919.13,1977919.13,null,-1,null,null,1,1,1,0);
Insert into ACT (ID,NUM,SIGNDATE,ACTTYPEID,NDSID,REGIONID,TOTALSUM,SUMFORTRANSFER,STATUS,ENTERPRICEAUTHORITYID,CURRENCYRATE,RATEDATE,NDSALGORITHMID,CURRENCYID,CURRENCYMEASUREID,ISSIGNED) values (10337,'107','20.06.08',-1,1,-1,1751933.11,1751933.11,null,-1,null,null,1,1,1,0);
Insert into ACT (ID,NUM,SIGNDATE,ACTTYPEID,NDSID,REGIONID,TOTALSUM,SUMFORTRANSFER,STATUS,ENTERPRICEAUTHORITYID,CURRENCYRATE,RATEDATE,NDSALGORITHMID,CURRENCYID,CURRENCYMEASUREID,ISSIGNED) values (10338,'108','20.06.08',-1,1,-1,342748.22,342748.22,null,-1,null,null,-1,1,1,0);
Insert into ACT (ID,NUM,SIGNDATE,ACTTYPEID,NDSID,REGIONID,TOTALSUM,SUMFORTRANSFER,STATUS,ENTERPRICEAUTHORITYID,CURRENCYRATE,RATEDATE,NDSALGORITHMID,CURRENCYID,CURRENCYMEASUREID,ISSIGNED) values (10339,'109','20.06.08',-1,1,-1,320969.43,320969.43,null,-1,null,null,1,1,1,0);
Insert into ACT (ID,NUM,SIGNDATE,ACTTYPEID,NDSID,REGIONID,TOTALSUM,SUMFORTRANSFER,STATUS,ENTERPRICEAUTHORITYID,CURRENCYRATE,RATEDATE,NDSALGORITHMID,CURRENCYID,CURRENCYMEASUREID,ISSIGNED) values (10340,'110','20.06.08',-1,1,-1,2300375.71,2300375.71,null,-1,null,null,1,1,1,0);
Insert into ACT (ID,NUM,SIGNDATE,ACTTYPEID,NDSID,REGIONID,TOTALSUM,SUMFORTRANSFER,STATUS,ENTERPRICEAUTHORITYID,CURRENCYRATE,RATEDATE,NDSALGORITHMID,CURRENCYID,CURRENCYMEASUREID,ISSIGNED) values (10341,'111','20.06.08',-1,1,-1,1094403.1,1094403.1,null,-1,null,null,1,1,1,0);
Insert into ACT (ID,NUM,SIGNDATE,ACTTYPEID,NDSID,REGIONID,TOTALSUM,SUMFORTRANSFER,STATUS,ENTERPRICEAUTHORITYID,CURRENCYRATE,RATEDATE,NDSALGORITHMID,CURRENCYID,CURRENCYMEASUREID,ISSIGNED) values (10342,'112','20.06.08',-1,1,-1,976488.26,976488.26,null,-1,null,null,1,1,1,0);
Insert into ACT (ID,NUM,SIGNDATE,ACTTYPEID,NDSID,REGIONID,TOTALSUM,SUMFORTRANSFER,STATUS,ENTERPRICEAUTHORITYID,CURRENCYRATE,RATEDATE,NDSALGORITHMID,CURRENCYID,CURRENCYMEASUREID,ISSIGNED) values (10343,'113','20.06.08',-1,1,-1,428435.28,428435.28,null,-1,null,null,1,1,1,0);
Insert into ACT (ID,NUM,SIGNDATE,ACTTYPEID,NDSID,REGIONID,TOTALSUM,SUMFORTRANSFER,STATUS,ENTERPRICEAUTHORITYID,CURRENCYRATE,RATEDATE,NDSALGORITHMID,CURRENCYID,CURRENCYMEASUREID,ISSIGNED) values (10344,'114','20.06.08',-1,1,-1,732044.43,732044.43,null,-1,null,null,1,1,1,0);
Insert into ACT (ID,NUM,SIGNDATE,ACTTYPEID,NDSID,REGIONID,TOTALSUM,SUMFORTRANSFER,STATUS,ENTERPRICEAUTHORITYID,CURRENCYRATE,RATEDATE,NDSALGORITHMID,CURRENCYID,CURRENCYMEASUREID,ISSIGNED) values (10345,'115','20.06.08',-1,1,-1,823046.27,823046.27,null,-1,null,null,1,1,1,0);
Insert into ACT (ID,NUM,SIGNDATE,ACTTYPEID,NDSID,REGIONID,TOTALSUM,SUMFORTRANSFER,STATUS,ENTERPRICEAUTHORITYID,CURRENCYRATE,RATEDATE,NDSALGORITHMID,CURRENCYID,CURRENCYMEASUREID,ISSIGNED) values (10346,'116','20.06.08',-1,1,-1,1338860.25,1338860.25,null,-1,null,null,1,1,1,0);
Insert into ACT (ID,NUM,SIGNDATE,ACTTYPEID,NDSID,REGIONID,TOTALSUM,SUMFORTRANSFER,STATUS,ENTERPRICEAUTHORITYID,CURRENCYRATE,RATEDATE,NDSALGORITHMID,CURRENCYID,CURRENCYMEASUREID,ISSIGNED) values (10347,'117','20.06.08',-1,1,-1,357566.04,357566.04,null,-1,null,null,1,1,1,0);
Insert into ACT (ID,NUM,SIGNDATE,ACTTYPEID,NDSID,REGIONID,TOTALSUM,SUMFORTRANSFER,STATUS,ENTERPRICEAUTHORITYID,CURRENCYRATE,RATEDATE,NDSALGORITHMID,CURRENCYID,CURRENCYMEASUREID,ISSIGNED) values (10348,'118','20.06.08',-1,1,-1,1206785.39,1206785.39,null,-1,null,null,1,1,1,0);
Insert into ACT (ID,NUM,SIGNDATE,ACTTYPEID,NDSID,REGIONID,TOTALSUM,SUMFORTRANSFER,STATUS,ENTERPRICEAUTHORITYID,CURRENCYRATE,RATEDATE,NDSALGORITHMID,CURRENCYID,CURRENCYMEASUREID,ISSIGNED) values (10349,'119','20.06.08',-1,1,-1,1150010.32,1150010.32,null,-1,null,null,1,1,1,0);
Insert into ACT (ID,NUM,SIGNDATE,ACTTYPEID,NDSID,REGIONID,TOTALSUM,SUMFORTRANSFER,STATUS,ENTERPRICEAUTHORITYID,CURRENCYRATE,RATEDATE,NDSALGORITHMID,CURRENCYID,CURRENCYMEASUREID,ISSIGNED) values (10350,'120','20.06.08',-1,1,-1,1767295.53,1767295.53,null,-1,null,null,1,1,1,0);
Insert into ACT (ID,NUM,SIGNDATE,ACTTYPEID,NDSID,REGIONID,TOTALSUM,SUMFORTRANSFER,STATUS,ENTERPRICEAUTHORITYID,CURRENCYRATE,RATEDATE,NDSALGORITHMID,CURRENCYID,CURRENCYMEASUREID,ISSIGNED) values (10351,'121','20.06.08',-1,1,-1,1181251.6,1181251.6,null,-1,null,null,1,1,1,0);
Insert into ACT (ID,NUM,SIGNDATE,ACTTYPEID,NDSID,REGIONID,TOTALSUM,SUMFORTRANSFER,STATUS,ENTERPRICEAUTHORITYID,CURRENCYRATE,RATEDATE,NDSALGORITHMID,CURRENCYID,CURRENCYMEASUREID,ISSIGNED) values (10352,'122','20.06.08',-1,1,-1,1285305.84,1285305.84,null,-1,null,null,1,1,1,0);
Insert into ACT (ID,NUM,SIGNDATE,ACTTYPEID,NDSID,REGIONID,TOTALSUM,SUMFORTRANSFER,STATUS,ENTERPRICEAUTHORITYID,CURRENCYRATE,RATEDATE,NDSALGORITHMID,CURRENCYID,CURRENCYMEASUREID,ISSIGNED) values (10366,'2','30.09.10',-1,1,-1,42750000.8,42750000.8,null,-1,null,null,-1,1,1,1);
Insert into ACT (ID,NUM,SIGNDATE,ACTTYPEID,NDSID,REGIONID,TOTALSUM,SUMFORTRANSFER,STATUS,ENTERPRICEAUTHORITYID,CURRENCYRATE,RATEDATE,NDSALGORITHMID,CURRENCYID,CURRENCYMEASUREID,ISSIGNED) values (10367,'1','28.12.06',-1,1,-1,24999999.2,24999999.2,null,-1,null,null,1,1,1,1);
Insert into ACT (ID,NUM,SIGNDATE,ACTTYPEID,NDSID,REGIONID,TOTALSUM,SUMFORTRANSFER,STATUS,ENTERPRICEAUTHORITYID,CURRENCYRATE,RATEDATE,NDSALGORITHMID,CURRENCYID,CURRENCYMEASUREID,ISSIGNED) values (10368,'1','27.09.10',-1,1,-1,1750000,1750000,null,-1,null,null,1,1,1,1);
Insert into ACT (ID,NUM,SIGNDATE,ACTTYPEID,NDSID,REGIONID,TOTALSUM,SUMFORTRANSFER,STATUS,ENTERPRICEAUTHORITYID,CURRENCYRATE,RATEDATE,NDSALGORITHMID,CURRENCYID,CURRENCYMEASUREID,ISSIGNED) values (10369,null,'30.09.10',-1,1,-1,null,null,null,-1,null,null,-1,1,1,null);
Insert into ACT (ID,NUM,SIGNDATE,ACTTYPEID,NDSID,REGIONID,TOTALSUM,SUMFORTRANSFER,STATUS,ENTERPRICEAUTHORITYID,CURRENCYRATE,RATEDATE,NDSALGORITHMID,CURRENCYID,CURRENCYMEASUREID,ISSIGNED) values (10370,'1','31.05.11',-1,1,-1,19999938,19999938,null,-1,null,null,1,1,1,1);
Insert into ACT (ID,NUM,SIGNDATE,ACTTYPEID,NDSID,REGIONID,TOTALSUM,SUMFORTRANSFER,STATUS,ENTERPRICEAUTHORITYID,CURRENCYRATE,RATEDATE,NDSALGORITHMID,CURRENCYID,CURRENCYMEASUREID,ISSIGNED) values (10371,'2','03.08.11',-1,1,-1,10000087,7000060.9,null,-1,null,null,1,1,1,1);
Insert into ACT (ID,NUM,SIGNDATE,ACTTYPEID,NDSID,REGIONID,TOTALSUM,SUMFORTRANSFER,STATUS,ENTERPRICEAUTHORITYID,CURRENCYRATE,RATEDATE,NDSALGORITHMID,CURRENCYID,CURRENCYMEASUREID,ISSIGNED) values (1,'143-23','01.01.11',1,1,1,200,200,1,1,null,null,1,1,1,0);
Insert into ACT (ID,NUM,SIGNDATE,ACTTYPEID,NDSID,REGIONID,TOTALSUM,SUMFORTRANSFER,STATUS,ENTERPRICEAUTHORITYID,CURRENCYRATE,RATEDATE,NDSALGORITHMID,CURRENCYID,CURRENCYMEASUREID,ISSIGNED) values (10034,'1','15.11.10',-1,1,-1,350000,350000,null,-1,null,null,1,1,1,0);
Insert into ACT (ID,NUM,SIGNDATE,ACTTYPEID,NDSID,REGIONID,TOTALSUM,SUMFORTRANSFER,STATUS,ENTERPRICEAUTHORITYID,CURRENCYRATE,RATEDATE,NDSALGORITHMID,CURRENCYID,CURRENCYMEASUREID,ISSIGNED) values (10035,'1','15.06.11',-1,1,-1,350000,350000,null,-1,null,null,1,1,1,0);
Insert into ACT (ID,NUM,SIGNDATE,ACTTYPEID,NDSID,REGIONID,TOTALSUM,SUMFORTRANSFER,STATUS,ENTERPRICEAUTHORITYID,CURRENCYRATE,RATEDATE,NDSALGORITHMID,CURRENCYID,CURRENCYMEASUREID,ISSIGNED) values (10039,'1','27.05.11',-1,1,-1,350000,350000,null,-1,null,null,1,1,1,0);
Insert into ACT (ID,NUM,SIGNDATE,ACTTYPEID,NDSID,REGIONID,TOTALSUM,SUMFORTRANSFER,STATUS,ENTERPRICEAUTHORITYID,CURRENCYRATE,RATEDATE,NDSALGORITHMID,CURRENCYID,CURRENCYMEASUREID,ISSIGNED) values (10040,'1','20.05.11',-1,1,-1,350000,350000,null,-1,null,null,1,1,1,0);
Insert into ACT (ID,NUM,SIGNDATE,ACTTYPEID,NDSID,REGIONID,TOTALSUM,SUMFORTRANSFER,STATUS,ENTERPRICEAUTHORITYID,CURRENCYRATE,RATEDATE,NDSALGORITHMID,CURRENCYID,CURRENCYMEASUREID,ISSIGNED) values (10100,null,null,-1,1,-1,null,null,null,-1,null,null,-1,1,1,0);
Insert into ACT (ID,NUM,SIGNDATE,ACTTYPEID,NDSID,REGIONID,TOTALSUM,SUMFORTRANSFER,STATUS,ENTERPRICEAUTHORITYID,CURRENCYRATE,RATEDATE,NDSALGORITHMID,CURRENCYID,CURRENCYMEASUREID,ISSIGNED) values (10101,'1','30.09.10',-1,1,-1,24500009.6,17150006.72,null,-1,null,null,1,1,1,0);
Insert into ACT (ID,NUM,SIGNDATE,ACTTYPEID,NDSID,REGIONID,TOTALSUM,SUMFORTRANSFER,STATUS,ENTERPRICEAUTHORITYID,CURRENCYRATE,RATEDATE,NDSALGORITHMID,CURRENCYID,CURRENCYMEASUREID,ISSIGNED) values (10121,'1',null,-1,1,-1,0,1718080,null,-1,null,null,1,1,1,0);
Insert into ACT (ID,NUM,SIGNDATE,ACTTYPEID,NDSID,REGIONID,TOTALSUM,SUMFORTRANSFER,STATUS,ENTERPRICEAUTHORITYID,CURRENCYRATE,RATEDATE,NDSALGORITHMID,CURRENCYID,CURRENCYMEASUREID,ISSIGNED) values (10159,'2','29.06.09',-1,1,-1,9135368.23,9135368.23,null,-1,null,null,1,1,1,0);
Insert into ACT (ID,NUM,SIGNDATE,ACTTYPEID,NDSID,REGIONID,TOTALSUM,SUMFORTRANSFER,STATUS,ENTERPRICEAUTHORITYID,CURRENCYRATE,RATEDATE,NDSALGORITHMID,CURRENCYID,CURRENCYMEASUREID,ISSIGNED) values (10160,'1','29.06.09',-1,1,-1,1839861.52,1839861.52,null,-1,null,null,1,1,1,0);
Insert into ACT (ID,NUM,SIGNDATE,ACTTYPEID,NDSID,REGIONID,TOTALSUM,SUMFORTRANSFER,STATUS,ENTERPRICEAUTHORITYID,CURRENCYRATE,RATEDATE,NDSALGORITHMID,CURRENCYID,CURRENCYMEASUREID,ISSIGNED) values (10161,'6','30.06.09',-1,1,-1,5213205.71,5213205.71,null,-1,null,null,1,1,1,0);
Insert into ACT (ID,NUM,SIGNDATE,ACTTYPEID,NDSID,REGIONID,TOTALSUM,SUMFORTRANSFER,STATUS,ENTERPRICEAUTHORITYID,CURRENCYRATE,RATEDATE,NDSALGORITHMID,CURRENCYID,CURRENCYMEASUREID,ISSIGNED) values (10162,null,'01.08.11',-1,1,-1,null,null,null,-1,null,null,-1,1,1,0);
Insert into ACT (ID,NUM,SIGNDATE,ACTTYPEID,NDSID,REGIONID,TOTALSUM,SUMFORTRANSFER,STATUS,ENTERPRICEAUTHORITYID,CURRENCYRATE,RATEDATE,NDSALGORITHMID,CURRENCYID,CURRENCYMEASUREID,ISSIGNED) values (10163,'1','30.06.09',-1,1,-1,361550.6,361550.6,null,-1,null,null,1,1,1,0);
Insert into ACT (ID,NUM,SIGNDATE,ACTTYPEID,NDSID,REGIONID,TOTALSUM,SUMFORTRANSFER,STATUS,ENTERPRICEAUTHORITYID,CURRENCYRATE,RATEDATE,NDSALGORITHMID,CURRENCYID,CURRENCYMEASUREID,ISSIGNED) values (10164,'11','30.06.09',-1,1,-1,632738.72,632738.72,null,-1,null,null,1,1,1,0);
Insert into ACT (ID,NUM,SIGNDATE,ACTTYPEID,NDSID,REGIONID,TOTALSUM,SUMFORTRANSFER,STATUS,ENTERPRICEAUTHORITYID,CURRENCYRATE,RATEDATE,NDSALGORITHMID,CURRENCYID,CURRENCYMEASUREID,ISSIGNED) values (10165,'2','30.06.09',-1,1,-1,859024.26,859024.26,null,-1,null,null,1,1,1,0);
Insert into ACT (ID,NUM,SIGNDATE,ACTTYPEID,NDSID,REGIONID,TOTALSUM,SUMFORTRANSFER,STATUS,ENTERPRICEAUTHORITYID,CURRENCYRATE,RATEDATE,NDSALGORITHMID,CURRENCYID,CURRENCYMEASUREID,ISSIGNED) values (10166,'5','30.06.09',-1,1,-1,1233679.72,1233679.72,null,-1,null,null,1,1,1,0);
Insert into ACT (ID,NUM,SIGNDATE,ACTTYPEID,NDSID,REGIONID,TOTALSUM,SUMFORTRANSFER,STATUS,ENTERPRICEAUTHORITYID,CURRENCYRATE,RATEDATE,NDSALGORITHMID,CURRENCYID,CURRENCYMEASUREID,ISSIGNED) values (10167,'3','30.06.09',-1,1,-1,752327.16,752327.16,null,-1,null,null,1,1,1,0);
Insert into ACT (ID,NUM,SIGNDATE,ACTTYPEID,NDSID,REGIONID,TOTALSUM,SUMFORTRANSFER,STATUS,ENTERPRICEAUTHORITYID,CURRENCYRATE,RATEDATE,NDSALGORITHMID,CURRENCYID,CURRENCYMEASUREID,ISSIGNED) values (10168,'4','30.06.09',-1,1,-1,664238.31,664238.31,null,-1,null,null,1,1,1,0);
Insert into ACT (ID,NUM,SIGNDATE,ACTTYPEID,NDSID,REGIONID,TOTALSUM,SUMFORTRANSFER,STATUS,ENTERPRICEAUTHORITYID,CURRENCYRATE,RATEDATE,NDSALGORITHMID,CURRENCYID,CURRENCYMEASUREID,ISSIGNED) values (10169,'7','30.06.09',-1,1,-1,1544472.49,1544472.49,null,-1,null,null,1,1,1,0);
Insert into ACT (ID,NUM,SIGNDATE,ACTTYPEID,NDSID,REGIONID,TOTALSUM,SUMFORTRANSFER,STATUS,ENTERPRICEAUTHORITYID,CURRENCYRATE,RATEDATE,NDSALGORITHMID,CURRENCYID,CURRENCYMEASUREID,ISSIGNED) values (10206,null,'05.08.11',-1,1,-1,null,null,null,-1,null,null,-1,1,1,0);
Insert into ACT (ID,NUM,SIGNDATE,ACTTYPEID,NDSID,REGIONID,TOTALSUM,SUMFORTRANSFER,STATUS,ENTERPRICEAUTHORITYID,CURRENCYRATE,RATEDATE,NDSALGORITHMID,CURRENCYID,CURRENCYMEASUREID,ISSIGNED) values (10026,'1',null,1,1,-1,0,0,null,-1,null,null,1,1,1,0);
Insert into ACT (ID,NUM,SIGNDATE,ACTTYPEID,NDSID,REGIONID,TOTALSUM,SUMFORTRANSFER,STATUS,ENTERPRICEAUTHORITYID,CURRENCYRATE,RATEDATE,NDSALGORITHMID,CURRENCYID,CURRENCYMEASUREID,ISSIGNED) values (10027,'2',null,-1,1,-1,0,0,null,-1,null,null,1,1,1,0);
Insert into ACT (ID,NUM,SIGNDATE,ACTTYPEID,NDSID,REGIONID,TOTALSUM,SUMFORTRANSFER,STATUS,ENTERPRICEAUTHORITYID,CURRENCYRATE,RATEDATE,NDSALGORITHMID,CURRENCYID,CURRENCYMEASUREID,ISSIGNED) values (10028,'1','29.03.10',-1,1,-1,3386600,3386600,null,-1,null,null,1,1,1,0);
Insert into ACT (ID,NUM,SIGNDATE,ACTTYPEID,NDSID,REGIONID,TOTALSUM,SUMFORTRANSFER,STATUS,ENTERPRICEAUTHORITYID,CURRENCYRATE,RATEDATE,NDSALGORITHMID,CURRENCYID,CURRENCYMEASUREID,ISSIGNED) values (10029,'2','03.11.10',-1,1,-1,3386600,3386600,null,-1,null,null,1,1,1,0);
Insert into ACT (ID,NUM,SIGNDATE,ACTTYPEID,NDSID,REGIONID,TOTALSUM,SUMFORTRANSFER,STATUS,ENTERPRICEAUTHORITYID,CURRENCYRATE,RATEDATE,NDSALGORITHMID,CURRENCYID,CURRENCYMEASUREID,ISSIGNED) values (10053,'1','28.06.11',-1,1,-1,34999980,24499986,null,-1,null,null,1,1,1,0);
Insert into ACT (ID,NUM,SIGNDATE,ACTTYPEID,NDSID,REGIONID,TOTALSUM,SUMFORTRANSFER,STATUS,ENTERPRICEAUTHORITYID,CURRENCYRATE,RATEDATE,NDSALGORITHMID,CURRENCYID,CURRENCYMEASUREID,ISSIGNED) values (10060,'1','28.06.10',-1,1,-1,350000,null,null,-1,null,null,1,1,1,0);
Insert into ACT (ID,NUM,SIGNDATE,ACTTYPEID,NDSID,REGIONID,TOTALSUM,SUMFORTRANSFER,STATUS,ENTERPRICEAUTHORITYID,CURRENCYRATE,RATEDATE,NDSALGORITHMID,CURRENCYID,CURRENCYMEASUREID,ISSIGNED) values (10061,'2','05.07.11',-1,1,-1,0,null,null,-1,null,null,1,1,1,0);
Insert into ACT (ID,NUM,SIGNDATE,ACTTYPEID,NDSID,REGIONID,TOTALSUM,SUMFORTRANSFER,STATUS,ENTERPRICEAUTHORITYID,CURRENCYRATE,RATEDATE,NDSALGORITHMID,CURRENCYID,CURRENCYMEASUREID,ISSIGNED) values (10062,'3','30.08.10',-1,1,-1,350000,null,null,-1,null,null,-1,1,1,0);
Insert into ACT (ID,NUM,SIGNDATE,ACTTYPEID,NDSID,REGIONID,TOTALSUM,SUMFORTRANSFER,STATUS,ENTERPRICEAUTHORITYID,CURRENCYRATE,RATEDATE,NDSALGORITHMID,CURRENCYID,CURRENCYMEASUREID,ISSIGNED) values (10063,'4','03.08.10',-1,1,-1,350000,null,null,-1,null,null,1,1,1,0);
Insert into ACT (ID,NUM,SIGNDATE,ACTTYPEID,NDSID,REGIONID,TOTALSUM,SUMFORTRANSFER,STATUS,ENTERPRICEAUTHORITYID,CURRENCYRATE,RATEDATE,NDSALGORITHMID,CURRENCYID,CURRENCYMEASUREID,ISSIGNED) values (10064,'5','30.09.10',-1,1,-1,350000,null,null,-1,null,null,1,1,1,0);
Insert into ACT (ID,NUM,SIGNDATE,ACTTYPEID,NDSID,REGIONID,TOTALSUM,SUMFORTRANSFER,STATUS,ENTERPRICEAUTHORITYID,CURRENCYRATE,RATEDATE,NDSALGORITHMID,CURRENCYID,CURRENCYMEASUREID,ISSIGNED) values (10065,'6','25.10.10',-1,1,-1,177000,null,null,-1,null,null,1,1,1,0);
Insert into ACT (ID,NUM,SIGNDATE,ACTTYPEID,NDSID,REGIONID,TOTALSUM,SUMFORTRANSFER,STATUS,ENTERPRICEAUTHORITYID,CURRENCYRATE,RATEDATE,NDSALGORITHMID,CURRENCYID,CURRENCYMEASUREID,ISSIGNED) values (10066,'7','09.11.10',-1,1,-1,350000,null,null,-1,null,null,1,1,1,0);
Insert into ACT (ID,NUM,SIGNDATE,ACTTYPEID,NDSID,REGIONID,TOTALSUM,SUMFORTRANSFER,STATUS,ENTERPRICEAUTHORITYID,CURRENCYRATE,RATEDATE,NDSALGORITHMID,CURRENCYID,CURRENCYMEASUREID,ISSIGNED) values (10067,'8','10.12.10',-1,1,-1,350000,null,null,-1,null,null,1,1,1,0);
Insert into ACT (ID,NUM,SIGNDATE,ACTTYPEID,NDSID,REGIONID,TOTALSUM,SUMFORTRANSFER,STATUS,ENTERPRICEAUTHORITYID,CURRENCYRATE,RATEDATE,NDSALGORITHMID,CURRENCYID,CURRENCYMEASUREID,ISSIGNED) values (10068,'2','02.07.10',-1,1,-1,177000,null,null,-1,null,null,1,1,1,0);
Insert into ACT (ID,NUM,SIGNDATE,ACTTYPEID,NDSID,REGIONID,TOTALSUM,SUMFORTRANSFER,STATUS,ENTERPRICEAUTHORITYID,CURRENCYRATE,RATEDATE,NDSALGORITHMID,CURRENCYID,CURRENCYMEASUREID,ISSIGNED) values (10173,null,null,-1,1,-1,0,null,null,-1,null,null,-1,1,1,0);
Insert into ACT (ID,NUM,SIGNDATE,ACTTYPEID,NDSID,REGIONID,TOTALSUM,SUMFORTRANSFER,STATUS,ENTERPRICEAUTHORITYID,CURRENCYRATE,RATEDATE,NDSALGORITHMID,CURRENCYID,CURRENCYMEASUREID,ISSIGNED) values (10174,'2','17.12.08',-1,1,-1,1286200,900340,null,-1,null,null,1,1,1,0);
Insert into ACT (ID,NUM,SIGNDATE,ACTTYPEID,NDSID,REGIONID,TOTALSUM,SUMFORTRANSFER,STATUS,ENTERPRICEAUTHORITYID,CURRENCYRATE,RATEDATE,NDSALGORITHMID,CURRENCYID,CURRENCYMEASUREID,ISSIGNED) values (10175,'7','15.12.09',-1,1,-1,4130000,2891000,null,-1,null,null,1,1,1,0);
Insert into ACT (ID,NUM,SIGNDATE,ACTTYPEID,NDSID,REGIONID,TOTALSUM,SUMFORTRANSFER,STATUS,ENTERPRICEAUTHORITYID,CURRENCYRATE,RATEDATE,NDSALGORITHMID,CURRENCYID,CURRENCYMEASUREID,ISSIGNED) values (10176,'1','18.12.08',-1,1,-1,1888000,1321600,null,-1,null,null,1,1,1,0);
Insert into ACT (ID,NUM,SIGNDATE,ACTTYPEID,NDSID,REGIONID,TOTALSUM,SUMFORTRANSFER,STATUS,ENTERPRICEAUTHORITYID,CURRENCYRATE,RATEDATE,NDSALGORITHMID,CURRENCYID,CURRENCYMEASUREID,ISSIGNED) values (10177,'4','31.12.08',-1,1,-1,3551800,2486260,null,-1,null,null,1,1,1,0);
Insert into ACT (ID,NUM,SIGNDATE,ACTTYPEID,NDSID,REGIONID,TOTALSUM,SUMFORTRANSFER,STATUS,ENTERPRICEAUTHORITYID,CURRENCYRATE,RATEDATE,NDSALGORITHMID,CURRENCYID,CURRENCYMEASUREID,ISSIGNED) values (10178,'3','18.02.09',-1,1,-1,2360000,1652000,null,-1,null,null,1,1,1,0);
Insert into ACT (ID,NUM,SIGNDATE,ACTTYPEID,NDSID,REGIONID,TOTALSUM,SUMFORTRANSFER,STATUS,ENTERPRICEAUTHORITYID,CURRENCYRATE,RATEDATE,NDSALGORITHMID,CURRENCYID,CURRENCYMEASUREID,ISSIGNED) values (10179,'5','26.06.09',-1,1,-1,6999996,4899999.68,null,-1,null,null,1,1,1,0);
Insert into ACT (ID,NUM,SIGNDATE,ACTTYPEID,NDSID,REGIONID,TOTALSUM,SUMFORTRANSFER,STATUS,ENTERPRICEAUTHORITYID,CURRENCYRATE,RATEDATE,NDSALGORITHMID,CURRENCYID,CURRENCYMEASUREID,ISSIGNED) values (10180,'6','25.06.10',-1,1,-1,4224400,4224400,null,-1,null,null,1,1,1,0);
Insert into ACT (ID,NUM,SIGNDATE,ACTTYPEID,NDSID,REGIONID,TOTALSUM,SUMFORTRANSFER,STATUS,ENTERPRICEAUTHORITYID,CURRENCYRATE,RATEDATE,NDSALGORITHMID,CURRENCYID,CURRENCYMEASUREID,ISSIGNED) values (10181,null,null,-1,1,-1,null,null,null,-1,null,null,-1,1,1,0);
Insert into ACT (ID,NUM,SIGNDATE,ACTTYPEID,NDSID,REGIONID,TOTALSUM,SUMFORTRANSFER,STATUS,ENTERPRICEAUTHORITYID,CURRENCYRATE,RATEDATE,NDSALGORITHMID,CURRENCYID,CURRENCYMEASUREID,ISSIGNED) values (10172,'1',null,-1,1,-1,0,1120000,null,-1,null,null,-1,1,1,0);
Insert into ACT (ID,NUM,SIGNDATE,ACTTYPEID,NDSID,REGIONID,TOTALSUM,SUMFORTRANSFER,STATUS,ENTERPRICEAUTHORITYID,CURRENCYRATE,RATEDATE,NDSALGORITHMID,CURRENCYID,CURRENCYMEASUREID,ISSIGNED) values (10182,'6/1 ','24.03.08',-1,1,-1,10496908.28,10496908.28,null,-1,null,null,1,1,1,0);
Insert into ACT (ID,NUM,SIGNDATE,ACTTYPEID,NDSID,REGIONID,TOTALSUM,SUMFORTRANSFER,STATUS,ENTERPRICEAUTHORITYID,CURRENCYRATE,RATEDATE,NDSALGORITHMID,CURRENCYID,CURRENCYMEASUREID,ISSIGNED) values (10183,'11','20.06.08',-1,1,-1,499841.16,499841.16,null,-1,null,null,1,1,1,0);
Insert into ACT (ID,NUM,SIGNDATE,ACTTYPEID,NDSID,REGIONID,TOTALSUM,SUMFORTRANSFER,STATUS,ENTERPRICEAUTHORITYID,CURRENCYRATE,RATEDATE,NDSALGORITHMID,CURRENCYID,CURRENCYMEASUREID,ISSIGNED) values (10184,'12','20.06.08',-1,1,-1,831905.33,831905.33,null,-1,null,null,1,1,1,0);
Insert into ACT (ID,NUM,SIGNDATE,ACTTYPEID,NDSID,REGIONID,TOTALSUM,SUMFORTRANSFER,STATUS,ENTERPRICEAUTHORITYID,CURRENCYRATE,RATEDATE,NDSALGORITHMID,CURRENCYID,CURRENCYMEASUREID,ISSIGNED) values (10185,'13','20.06.08',-1,1,-1,307045.28,307045.28,null,-1,null,null,1,1,1,0);
Insert into ACT (ID,NUM,SIGNDATE,ACTTYPEID,NDSID,REGIONID,TOTALSUM,SUMFORTRANSFER,STATUS,ENTERPRICEAUTHORITYID,CURRENCYRATE,RATEDATE,NDSALGORITHMID,CURRENCYID,CURRENCYMEASUREID,ISSIGNED) values (10186,null,null,-1,1,-1,null,null,null,-1,null,null,-1,1,1,0);
Insert into ACT (ID,NUM,SIGNDATE,ACTTYPEID,NDSID,REGIONID,TOTALSUM,SUMFORTRANSFER,STATUS,ENTERPRICEAUTHORITYID,CURRENCYRATE,RATEDATE,NDSALGORITHMID,CURRENCYID,CURRENCYMEASUREID,ISSIGNED) values (10187,null,'05.08.11',-1,1,-1,null,null,null,-1,null,null,-1,1,1,0);
Insert into ACT (ID,NUM,SIGNDATE,ACTTYPEID,NDSID,REGIONID,TOTALSUM,SUMFORTRANSFER,STATUS,ENTERPRICEAUTHORITYID,CURRENCYRATE,RATEDATE,NDSALGORITHMID,CURRENCYID,CURRENCYMEASUREID,ISSIGNED) values (10188,'14','20.06.08',-1,1,-1,107108.82,107108.82,null,-1,null,null,1,1,1,0);
Insert into ACT (ID,NUM,SIGNDATE,ACTTYPEID,NDSID,REGIONID,TOTALSUM,SUMFORTRANSFER,STATUS,ENTERPRICEAUTHORITYID,CURRENCYRATE,RATEDATE,NDSALGORITHMID,CURRENCYID,CURRENCYMEASUREID,ISSIGNED) values (10189,'15','20.06.08',-1,1,-1,334179.52,334179.52,null,-1,null,null,1,1,1,0);
Insert into ACT (ID,NUM,SIGNDATE,ACTTYPEID,NDSID,REGIONID,TOTALSUM,SUMFORTRANSFER,STATUS,ENTERPRICEAUTHORITYID,CURRENCYRATE,RATEDATE,NDSALGORITHMID,CURRENCYID,CURRENCYMEASUREID,ISSIGNED) values (10190,'16','20.06.08',-1,1,-1,321326.46,321326.46,null,-1,null,null,1,1,1,0);
Insert into ACT (ID,NUM,SIGNDATE,ACTTYPEID,NDSID,REGIONID,TOTALSUM,SUMFORTRANSFER,STATUS,ENTERPRICEAUTHORITYID,CURRENCYRATE,RATEDATE,NDSALGORITHMID,CURRENCYID,CURRENCYMEASUREID,ISSIGNED) values (10191,'17','20.06.08',-1,1,-1,646840.62,646840.62,null,-1,null,null,1,1,1,0);
Insert into ACT (ID,NUM,SIGNDATE,ACTTYPEID,NDSID,REGIONID,TOTALSUM,SUMFORTRANSFER,STATUS,ENTERPRICEAUTHORITYID,CURRENCYRATE,RATEDATE,NDSALGORITHMID,CURRENCYID,CURRENCYMEASUREID,ISSIGNED) values (10192,'6/2 ','24.03.08',-1,1,-1,2152800,2152800,null,-1,null,null,1,1,1,0);
Insert into ACT (ID,NUM,SIGNDATE,ACTTYPEID,NDSID,REGIONID,TOTALSUM,SUMFORTRANSFER,STATUS,ENTERPRICEAUTHORITYID,CURRENCYRATE,RATEDATE,NDSALGORITHMID,CURRENCYID,CURRENCYMEASUREID,ISSIGNED) values (10193,'18','20.06.08',-1,1,-1,450000,450000,null,-1,null,null,1,1,1,0);
Insert into ACT (ID,NUM,SIGNDATE,ACTTYPEID,NDSID,REGIONID,TOTALSUM,SUMFORTRANSFER,STATUS,ENTERPRICEAUTHORITYID,CURRENCYRATE,RATEDATE,NDSALGORITHMID,CURRENCYID,CURRENCYMEASUREID,ISSIGNED) values (10194,'6/3','24.03.08',-1,1,-1,7257600,7257600,null,-1,null,null,1,1,1,0);
Insert into ACT (ID,NUM,SIGNDATE,ACTTYPEID,NDSID,REGIONID,TOTALSUM,SUMFORTRANSFER,STATUS,ENTERPRICEAUTHORITYID,CURRENCYRATE,RATEDATE,NDSALGORITHMID,CURRENCYID,CURRENCYMEASUREID,ISSIGNED) values (10195,'19','20.06.08',-1,1,-1,1138500,1138500,null,-1,null,null,1,1,1,0);
Insert into ACT (ID,NUM,SIGNDATE,ACTTYPEID,NDSID,REGIONID,TOTALSUM,SUMFORTRANSFER,STATUS,ENTERPRICEAUTHORITYID,CURRENCYRATE,RATEDATE,NDSALGORITHMID,CURRENCYID,CURRENCYMEASUREID,ISSIGNED) values (10196,'6/4','24.03.08',-1,1,-1,1575000,1575000,null,-1,null,null,1,1,1,0);
Insert into ACT (ID,NUM,SIGNDATE,ACTTYPEID,NDSID,REGIONID,TOTALSUM,SUMFORTRANSFER,STATUS,ENTERPRICEAUTHORITYID,CURRENCYRATE,RATEDATE,NDSALGORITHMID,CURRENCYID,CURRENCYMEASUREID,ISSIGNED) values (10197,'6/5','24.03.08',-1,1,-1,3601800,3601800,null,-1,null,null,1,1,1,0);
Insert into ACT (ID,NUM,SIGNDATE,ACTTYPEID,NDSID,REGIONID,TOTALSUM,SUMFORTRANSFER,STATUS,ENTERPRICEAUTHORITYID,CURRENCYRATE,RATEDATE,NDSALGORITHMID,CURRENCYID,CURRENCYMEASUREID,ISSIGNED) values (10198,'6/6','24.03.08',-1,1,-1,3874500,3874500,null,-1,null,null,1,1,1,0);
Insert into ACT (ID,NUM,SIGNDATE,ACTTYPEID,NDSID,REGIONID,TOTALSUM,SUMFORTRANSFER,STATUS,ENTERPRICEAUTHORITYID,CURRENCYRATE,RATEDATE,NDSALGORITHMID,CURRENCYID,CURRENCYMEASUREID,ISSIGNED) values (10199,'6/7','24.03.08',-1,1,-1,1386000,1386000,null,-1,null,null,1,1,1,0);
Insert into ACT (ID,NUM,SIGNDATE,ACTTYPEID,NDSID,REGIONID,TOTALSUM,SUMFORTRANSFER,STATUS,ENTERPRICEAUTHORITYID,CURRENCYRATE,RATEDATE,NDSALGORITHMID,CURRENCYID,CURRENCYMEASUREID,ISSIGNED) values (10200,null,'05.08.11',-1,1,-1,null,null,null,-1,null,null,-1,1,1,0);
Insert into ACT (ID,NUM,SIGNDATE,ACTTYPEID,NDSID,REGIONID,TOTALSUM,SUMFORTRANSFER,STATUS,ENTERPRICEAUTHORITYID,CURRENCYRATE,RATEDATE,NDSALGORITHMID,CURRENCYID,CURRENCYMEASUREID,ISSIGNED) values (10201,'20','20.06.08',-1,1,-1,1019211.69,1019211.69,null,-1,null,null,1,1,1,0);
Insert into ACT (ID,NUM,SIGNDATE,ACTTYPEID,NDSID,REGIONID,TOTALSUM,SUMFORTRANSFER,STATUS,ENTERPRICEAUTHORITYID,CURRENCYRATE,RATEDATE,NDSALGORITHMID,CURRENCYID,CURRENCYMEASUREID,ISSIGNED) values (10202,'6/8','24.03.08',-1,1,-1,1889845.82,1889845.82,null,-1,null,null,1,1,1,0);
Insert into ACT (ID,NUM,SIGNDATE,ACTTYPEID,NDSID,REGIONID,TOTALSUM,SUMFORTRANSFER,STATUS,ENTERPRICEAUTHORITYID,CURRENCYRATE,RATEDATE,NDSALGORITHMID,CURRENCYID,CURRENCYMEASUREID,ISSIGNED) values (10203,'21','20.06.08',-1,1,-1,536349.33,536349.33,null,-1,null,null,1,1,1,0);
Insert into ACT (ID,NUM,SIGNDATE,ACTTYPEID,NDSID,REGIONID,TOTALSUM,SUMFORTRANSFER,STATUS,ENTERPRICEAUTHORITYID,CURRENCYRATE,RATEDATE,NDSALGORITHMID,CURRENCYID,CURRENCYMEASUREID,ISSIGNED) values (10204,'6/9','24.03.08',-1,1,-1,1824441.96,1824441.96,null,-1,null,null,1,1,1,0);
Insert into ACT (ID,NUM,SIGNDATE,ACTTYPEID,NDSID,REGIONID,TOTALSUM,SUMFORTRANSFER,STATUS,ENTERPRICEAUTHORITYID,CURRENCYRATE,RATEDATE,NDSALGORITHMID,CURRENCYID,CURRENCYMEASUREID,ISSIGNED) values (10205,null,'05.08.11',-1,1,-1,null,null,null,-1,null,null,-1,1,1,0);
Insert into ACT (ID,NUM,SIGNDATE,ACTTYPEID,NDSID,REGIONID,TOTALSUM,SUMFORTRANSFER,STATUS,ENTERPRICEAUTHORITYID,CURRENCYRATE,RATEDATE,NDSALGORITHMID,CURRENCYID,CURRENCYMEASUREID,ISSIGNED) values (10353,null,null,-1,1,-1,null,null,null,-1,null,null,-1,1,1,null);
Insert into ACT (ID,NUM,SIGNDATE,ACTTYPEID,NDSID,REGIONID,TOTALSUM,SUMFORTRANSFER,STATUS,ENTERPRICEAUTHORITYID,CURRENCYRATE,RATEDATE,NDSALGORITHMID,CURRENCYID,CURRENCYMEASUREID,ISSIGNED) values (10354,null,null,-1,1,-1,null,null,null,-1,null,null,-1,1,1,null);
Insert into ACT (ID,NUM,SIGNDATE,ACTTYPEID,NDSID,REGIONID,TOTALSUM,SUMFORTRANSFER,STATUS,ENTERPRICEAUTHORITYID,CURRENCYRATE,RATEDATE,NDSALGORITHMID,CURRENCYID,CURRENCYMEASUREID,ISSIGNED) values (10355,'3','25.03.11',-1,1,-1,9295000,null,null,-1,null,null,1,1,1,null);
Insert into ACT (ID,NUM,SIGNDATE,ACTTYPEID,NDSID,REGIONID,TOTALSUM,SUMFORTRANSFER,STATUS,ENTERPRICEAUTHORITYID,CURRENCYRATE,RATEDATE,NDSALGORITHMID,CURRENCYID,CURRENCYMEASUREID,ISSIGNED) values (10356,null,null,-1,1,-1,null,null,null,-1,null,null,-1,1,1,null);
Insert into ACT (ID,NUM,SIGNDATE,ACTTYPEID,NDSID,REGIONID,TOTALSUM,SUMFORTRANSFER,STATUS,ENTERPRICEAUTHORITYID,CURRENCYRATE,RATEDATE,NDSALGORITHMID,CURRENCYID,CURRENCYMEASUREID,ISSIGNED) values (10357,'2','23.08.10',-1,1,-1,695020,695020,null,-1,null,null,1,1,1,null);
Insert into ACT (ID,NUM,SIGNDATE,ACTTYPEID,NDSID,REGIONID,TOTALSUM,SUMFORTRANSFER,STATUS,ENTERPRICEAUTHORITYID,CURRENCYRATE,RATEDATE,NDSALGORITHMID,CURRENCYID,CURRENCYMEASUREID,ISSIGNED) values (10358,'5','23.08.10',-1,1,-1,695020,695020,null,-1,null,null,1,1,1,null);
Insert into ACT (ID,NUM,SIGNDATE,ACTTYPEID,NDSID,REGIONID,TOTALSUM,SUMFORTRANSFER,STATUS,ENTERPRICEAUTHORITYID,CURRENCYRATE,RATEDATE,NDSALGORITHMID,CURRENCYID,CURRENCYMEASUREID,ISSIGNED) values (10359,'6','23.08.10',-1,1,-1,695020,695020,null,-1,null,null,1,1,1,null);
Insert into ACT (ID,NUM,SIGNDATE,ACTTYPEID,NDSID,REGIONID,TOTALSUM,SUMFORTRANSFER,STATUS,ENTERPRICEAUTHORITYID,CURRENCYRATE,RATEDATE,NDSALGORITHMID,CURRENCYID,CURRENCYMEASUREID,ISSIGNED) values (10360,'7','23.08.10',-1,1,-1,695020,695020,null,-1,null,null,1,1,1,null);
Insert into ACT (ID,NUM,SIGNDATE,ACTTYPEID,NDSID,REGIONID,TOTALSUM,SUMFORTRANSFER,STATUS,ENTERPRICEAUTHORITYID,CURRENCYRATE,RATEDATE,NDSALGORITHMID,CURRENCYID,CURRENCYMEASUREID,ISSIGNED) values (10361,'8','23.08.10',-1,1,-1,695020,695020,null,-1,null,null,1,1,1,null);
Insert into ACT (ID,NUM,SIGNDATE,ACTTYPEID,NDSID,REGIONID,TOTALSUM,SUMFORTRANSFER,STATUS,ENTERPRICEAUTHORITYID,CURRENCYRATE,RATEDATE,NDSALGORITHMID,CURRENCYID,CURRENCYMEASUREID,ISSIGNED) values (10362,'9','23.08.10',-1,1,-1,695020,695020,null,-1,null,null,1,1,1,null);
Insert into ACT (ID,NUM,SIGNDATE,ACTTYPEID,NDSID,REGIONID,TOTALSUM,SUMFORTRANSFER,STATUS,ENTERPRICEAUTHORITYID,CURRENCYRATE,RATEDATE,NDSALGORITHMID,CURRENCYID,CURRENCYMEASUREID,ISSIGNED) values (10363,'1','16.08.10',-1,1,-1,1737550,1737550,null,-1,null,null,1,1,1,null);
Insert into ACT (ID,NUM,SIGNDATE,ACTTYPEID,NDSID,REGIONID,TOTALSUM,SUMFORTRANSFER,STATUS,ENTERPRICEAUTHORITYID,CURRENCYRATE,RATEDATE,NDSALGORITHMID,CURRENCYID,CURRENCYMEASUREID,ISSIGNED) values (10364,'3','16.08.10',-1,1,-1,1737550,1737550,null,-1,null,null,1,1,1,null);
Insert into ACT (ID,NUM,SIGNDATE,ACTTYPEID,NDSID,REGIONID,TOTALSUM,SUMFORTRANSFER,STATUS,ENTERPRICEAUTHORITYID,CURRENCYRATE,RATEDATE,NDSALGORITHMID,CURRENCYID,CURRENCYMEASUREID,ISSIGNED) values (10365,'4','16.08.10',-1,1,-1,695020,695020,null,-1,null,null,1,1,1,null);
Insert into ACT (ID,NUM,SIGNDATE,ACTTYPEID,NDSID,REGIONID,TOTALSUM,SUMFORTRANSFER,STATUS,ENTERPRICEAUTHORITYID,CURRENCYRATE,RATEDATE,NDSALGORITHMID,CURRENCYID,CURRENCYMEASUREID,ISSIGNED) values (10020,'1',null,-1,1,-1,0,1718080,null,-1,null,null,1,1,1,0);
Insert into ACT (ID,NUM,SIGNDATE,ACTTYPEID,NDSID,REGIONID,TOTALSUM,SUMFORTRANSFER,STATUS,ENTERPRICEAUTHORITYID,CURRENCYRATE,RATEDATE,NDSALGORITHMID,CURRENCYID,CURRENCYMEASUREID,ISSIGNED) values (10021,'2','22.09.10',-1,1,-1,4749500,null,null,-1,null,null,1,1,1,0);
Insert into ACT (ID,NUM,SIGNDATE,ACTTYPEID,NDSID,REGIONID,TOTALSUM,SUMFORTRANSFER,STATUS,ENTERPRICEAUTHORITYID,CURRENCYRATE,RATEDATE,NDSALGORITHMID,CURRENCYID,CURRENCYMEASUREID,ISSIGNED) values (10022,'1','26.05.11',-1,1,-1,7050500,null,null,-1,null,null,2,1,1,0);
Insert into ACT (ID,NUM,SIGNDATE,ACTTYPEID,NDSID,REGIONID,TOTALSUM,SUMFORTRANSFER,STATUS,ENTERPRICEAUTHORITYID,CURRENCYRATE,RATEDATE,NDSALGORITHMID,CURRENCYID,CURRENCYMEASUREID,ISSIGNED) values (10023,'4','31.12.10',-1,1,-1,15485966,null,null,-1,null,null,-1,1,1,0);
Insert into ACT (ID,NUM,SIGNDATE,ACTTYPEID,NDSID,REGIONID,TOTALSUM,SUMFORTRANSFER,STATUS,ENTERPRICEAUTHORITYID,CURRENCYRATE,RATEDATE,NDSALGORITHMID,CURRENCYID,CURRENCYMEASUREID,ISSIGNED) values (10024,'2','08.06.11',-1,1,-1,6066970,null,null,-1,null,null,1,1,1,0);
Insert into ACT (ID,NUM,SIGNDATE,ACTTYPEID,NDSID,REGIONID,TOTALSUM,SUMFORTRANSFER,STATUS,ENTERPRICEAUTHORITYID,CURRENCYRATE,RATEDATE,NDSALGORITHMID,CURRENCYID,CURRENCYMEASUREID,ISSIGNED) values (10025,'1','31.12.10',-1,1,-1,16933000,null,null,-1,null,null,1,1,1,0);
Insert into ACT (ID,NUM,SIGNDATE,ACTTYPEID,NDSID,REGIONID,TOTALSUM,SUMFORTRANSFER,STATUS,ENTERPRICEAUTHORITYID,CURRENCYRATE,RATEDATE,NDSALGORITHMID,CURRENCYID,CURRENCYMEASUREID,ISSIGNED) values (10030,'1','29.12.09',-1,1,-1,14299948,10009936.6,null,-1,null,null,1,1,1,0);
Insert into ACT (ID,NUM,SIGNDATE,ACTTYPEID,NDSID,REGIONID,TOTALSUM,SUMFORTRANSFER,STATUS,ENTERPRICEAUTHORITYID,CURRENCYRATE,RATEDATE,NDSALGORITHMID,CURRENCYID,CURRENCYMEASUREID,ISSIGNED) values (10031,'2','16.11.10',-1,1,-1,27699969,19389978.3,null,-1,null,null,1,1,1,0);
Insert into ACT (ID,NUM,SIGNDATE,ACTTYPEID,NDSID,REGIONID,TOTALSUM,SUMFORTRANSFER,STATUS,ENTERPRICEAUTHORITYID,CURRENCYRATE,RATEDATE,NDSALGORITHMID,CURRENCYID,CURRENCYMEASUREID,ISSIGNED) values (10032,'1','31.12.10',-1,1,-1,14999829.6,10499880.72,null,-1,null,null,1,1,1,0);
Insert into ACT (ID,NUM,SIGNDATE,ACTTYPEID,NDSID,REGIONID,TOTALSUM,SUMFORTRANSFER,STATUS,ENTERPRICEAUTHORITYID,CURRENCYRATE,RATEDATE,NDSALGORITHMID,CURRENCYID,CURRENCYMEASUREID,ISSIGNED) values (10033,'1','30.12.10',-1,1,-1,3749992.8,3749992.8,null,-1,null,null,1,1,1,0);
Insert into ACT (ID,NUM,SIGNDATE,ACTTYPEID,NDSID,REGIONID,TOTALSUM,SUMFORTRANSFER,STATUS,ENTERPRICEAUTHORITYID,CURRENCYRATE,RATEDATE,NDSALGORITHMID,CURRENCYID,CURRENCYMEASUREID,ISSIGNED) values (10372,null,null,-1,1,-1,null,null,null,-1,null,null,-1,1,1,null);
Insert into ACT (ID,NUM,SIGNDATE,ACTTYPEID,NDSID,REGIONID,TOTALSUM,SUMFORTRANSFER,STATUS,ENTERPRICEAUTHORITYID,CURRENCYRATE,RATEDATE,NDSALGORITHMID,CURRENCYID,CURRENCYMEASUREID,ISSIGNED) values (10037,'1','30.03.11',-1,1,-1,450000,450000,null,-1,null,null,1,1,1,0);
Insert into ACT (ID,NUM,SIGNDATE,ACTTYPEID,NDSID,REGIONID,TOTALSUM,SUMFORTRANSFER,STATUS,ENTERPRICEAUTHORITYID,CURRENCYRATE,RATEDATE,NDSALGORITHMID,CURRENCYID,CURRENCYMEASUREID,ISSIGNED) values (10038,'2','30.03.11',-1,1,-1,450000,450000,null,-1,null,null,1,1,1,0);
Insert into ACT (ID,NUM,SIGNDATE,ACTTYPEID,NDSID,REGIONID,TOTALSUM,SUMFORTRANSFER,STATUS,ENTERPRICEAUTHORITYID,CURRENCYRATE,RATEDATE,NDSALGORITHMID,CURRENCYID,CURRENCYMEASUREID,ISSIGNED) values (10041,'1','30.12.08',-1,1,-1,15635000,10944500,null,-1,null,null,1,1,1,0);
Insert into ACT (ID,NUM,SIGNDATE,ACTTYPEID,NDSID,REGIONID,TOTALSUM,SUMFORTRANSFER,STATUS,ENTERPRICEAUTHORITYID,CURRENCYRATE,RATEDATE,NDSALGORITHMID,CURRENCYID,CURRENCYMEASUREID,ISSIGNED) values (10042,'2','30.11.09',-1,1,-1,15635000,15635000,null,-1,null,null,1,1,1,0);
Insert into ACT (ID,NUM,SIGNDATE,ACTTYPEID,NDSID,REGIONID,TOTALSUM,SUMFORTRANSFER,STATUS,ENTERPRICEAUTHORITYID,CURRENCYRATE,RATEDATE,NDSALGORITHMID,CURRENCYID,CURRENCYMEASUREID,ISSIGNED) values (10043,'3','27.07.10',-1,1,-1,11800000,8260000,null,-1,null,null,1,1,1,0);
Insert into ACT (ID,NUM,SIGNDATE,ACTTYPEID,NDSID,REGIONID,TOTALSUM,SUMFORTRANSFER,STATUS,ENTERPRICEAUTHORITYID,CURRENCYRATE,RATEDATE,NDSALGORITHMID,CURRENCYID,CURRENCYMEASUREID,ISSIGNED) values (10044,'1','30.06.10',-1,1,-1,6844000,4790800,null,-1,null,null,1,1,1,0);
Insert into ACT (ID,NUM,SIGNDATE,ACTTYPEID,NDSID,REGIONID,TOTALSUM,SUMFORTRANSFER,STATUS,ENTERPRICEAUTHORITYID,CURRENCYRATE,RATEDATE,NDSALGORITHMID,CURRENCYID,CURRENCYMEASUREID,ISSIGNED) values (10045,'1','22.09.10',-1,1,-1,2360000,1652000,null,-1,null,null,2,1,1,0);
Insert into ACT (ID,NUM,SIGNDATE,ACTTYPEID,NDSID,REGIONID,TOTALSUM,SUMFORTRANSFER,STATUS,ENTERPRICEAUTHORITYID,CURRENCYRATE,RATEDATE,NDSALGORITHMID,CURRENCYID,CURRENCYMEASUREID,ISSIGNED) values (10046,'2','22.09.10',-1,1,-1,2360000,1652000,null,-1,null,null,2,1,1,0);
Insert into ACT (ID,NUM,SIGNDATE,ACTTYPEID,NDSID,REGIONID,TOTALSUM,SUMFORTRANSFER,STATUS,ENTERPRICEAUTHORITYID,CURRENCYRATE,RATEDATE,NDSALGORITHMID,CURRENCYID,CURRENCYMEASUREID,ISSIGNED) values (10047,'7','31.12.10',-1,1,-1,7670000,5369000,null,-1,null,null,-1,1,1,0);
Insert into ACT (ID,NUM,SIGNDATE,ACTTYPEID,NDSID,REGIONID,TOTALSUM,SUMFORTRANSFER,STATUS,ENTERPRICEAUTHORITYID,CURRENCYRATE,RATEDATE,NDSALGORITHMID,CURRENCYID,CURRENCYMEASUREID,ISSIGNED) values (10048,'5','31.12.10',-1,1,-1,5900000,4130000,null,-1,null,null,2,1,1,0);
Insert into ACT (ID,NUM,SIGNDATE,ACTTYPEID,NDSID,REGIONID,TOTALSUM,SUMFORTRANSFER,STATUS,ENTERPRICEAUTHORITYID,CURRENCYRATE,RATEDATE,NDSALGORITHMID,CURRENCYID,CURRENCYMEASUREID,ISSIGNED) values (10049,'4','27.10.10',-1,1,-1,5428000,3799600,null,-1,null,null,2,1,1,0);
Insert into ACT (ID,NUM,SIGNDATE,ACTTYPEID,NDSID,REGIONID,TOTALSUM,SUMFORTRANSFER,STATUS,ENTERPRICEAUTHORITYID,CURRENCYRATE,RATEDATE,NDSALGORITHMID,CURRENCYID,CURRENCYMEASUREID,ISSIGNED) values (10050,'6','13.11.10',-1,1,-1,11328000,7929600,null,-1,null,null,2,1,1,0);
Insert into ACT (ID,NUM,SIGNDATE,ACTTYPEID,NDSID,REGIONID,TOTALSUM,SUMFORTRANSFER,STATUS,ENTERPRICEAUTHORITYID,CURRENCYRATE,RATEDATE,NDSALGORITHMID,CURRENCYID,CURRENCYMEASUREID,ISSIGNED) values (10051,'8','31.12.10',-1,1,-1,5900000,4130000,null,-1,null,null,2,1,1,0);
Insert into ACT (ID,NUM,SIGNDATE,ACTTYPEID,NDSID,REGIONID,TOTALSUM,SUMFORTRANSFER,STATUS,ENTERPRICEAUTHORITYID,CURRENCYRATE,RATEDATE,NDSALGORITHMID,CURRENCYID,CURRENCYMEASUREID,ISSIGNED) values (10052,'10','31.12.10',-1,1,-1,3068000,2147600,null,-1,null,null,2,1,1,0);
Insert into ACT (ID,NUM,SIGNDATE,ACTTYPEID,NDSID,REGIONID,TOTALSUM,SUMFORTRANSFER,STATUS,ENTERPRICEAUTHORITYID,CURRENCYRATE,RATEDATE,NDSALGORITHMID,CURRENCYID,CURRENCYMEASUREID,ISSIGNED) values (10373,'1','31.03.10',-1,1,-1,9676000,6773200,null,-1,null,null,1,1,1,1);
Insert into ACT (ID,NUM,SIGNDATE,ACTTYPEID,NDSID,REGIONID,TOTALSUM,SUMFORTRANSFER,STATUS,ENTERPRICEAUTHORITYID,CURRENCYRATE,RATEDATE,NDSALGORITHMID,CURRENCYID,CURRENCYMEASUREID,ISSIGNED) values (10374,'2','08.11.10',-1,1,-1,9676000,6773200,null,-1,null,null,1,1,1,1);
Insert into ACT (ID,NUM,SIGNDATE,ACTTYPEID,NDSID,REGIONID,TOTALSUM,SUMFORTRANSFER,STATUS,ENTERPRICEAUTHORITYID,CURRENCYRATE,RATEDATE,NDSALGORITHMID,CURRENCYID,CURRENCYMEASUREID,ISSIGNED) values (10115,'1','13.12.10',-1,1,-1,34999980,34999980,null,-1,null,null,-1,1,1,0);
Insert into ACT (ID,NUM,SIGNDATE,ACTTYPEID,NDSID,REGIONID,TOTALSUM,SUMFORTRANSFER,STATUS,ENTERPRICEAUTHORITYID,CURRENCYRATE,RATEDATE,NDSALGORITHMID,CURRENCYID,CURRENCYMEASUREID,ISSIGNED) values (10099,'2','16.11.10',-1,1,-1,7999998.8,7999998.8,null,-1,null,null,-1,1,1,0);
Insert into ACT (ID,NUM,SIGNDATE,ACTTYPEID,NDSID,REGIONID,TOTALSUM,SUMFORTRANSFER,STATUS,ENTERPRICEAUTHORITYID,CURRENCYRATE,RATEDATE,NDSALGORITHMID,CURRENCYID,CURRENCYMEASUREID,ISSIGNED) values (10082,'1','26.11.10',-1,1,-1,45399969,null,null,-1,null,null,1,1,1,0);
Insert into ACT (ID,NUM,SIGNDATE,ACTTYPEID,NDSID,REGIONID,TOTALSUM,SUMFORTRANSFER,STATUS,ENTERPRICEAUTHORITYID,CURRENCYRATE,RATEDATE,NDSALGORITHMID,CURRENCYID,CURRENCYMEASUREID,ISSIGNED) values (10083,'1',null,-1,1,-1,5000002.2,3500001.54,null,-1,null,null,1,1,1,0);
Insert into ACT (ID,NUM,SIGNDATE,ACTTYPEID,NDSID,REGIONID,TOTALSUM,SUMFORTRANSFER,STATUS,ENTERPRICEAUTHORITYID,CURRENCYRATE,RATEDATE,NDSALGORITHMID,CURRENCYID,CURRENCYMEASUREID,ISSIGNED) values (10102,'1','29.12.10',-1,1,-1,3999987.6,2799991.32,null,-1,null,null,1,1,1,0);
Insert into ACT (ID,NUM,SIGNDATE,ACTTYPEID,NDSID,REGIONID,TOTALSUM,SUMFORTRANSFER,STATUS,ENTERPRICEAUTHORITYID,CURRENCYRATE,RATEDATE,NDSALGORITHMID,CURRENCYID,CURRENCYMEASUREID,ISSIGNED) values (10103,'2','13.12.10',-1,1,-1,3999999.4,2799999.58,null,-1,null,null,1,1,1,0);
Insert into ACT (ID,NUM,SIGNDATE,ACTTYPEID,NDSID,REGIONID,TOTALSUM,SUMFORTRANSFER,STATUS,ENTERPRICEAUTHORITYID,CURRENCYRATE,RATEDATE,NDSALGORITHMID,CURRENCYID,CURRENCYMEASUREID,ISSIGNED) values (10089,'1','21.12.05',-1,1,-1,5000000,5000000,null,-1,null,null,3,1,1,0);
Insert into ACT (ID,NUM,SIGNDATE,ACTTYPEID,NDSID,REGIONID,TOTALSUM,SUMFORTRANSFER,STATUS,ENTERPRICEAUTHORITYID,CURRENCYRATE,RATEDATE,NDSALGORITHMID,CURRENCYID,CURRENCYMEASUREID,ISSIGNED) values (10098,'1','31.03.10',-1,1,-1,7999998.8,7999998.8,null,-1,null,null,1,1,1,0);
Insert into ACT (ID,NUM,SIGNDATE,ACTTYPEID,NDSID,REGIONID,TOTALSUM,SUMFORTRANSFER,STATUS,ENTERPRICEAUTHORITYID,CURRENCYRATE,RATEDATE,NDSALGORITHMID,CURRENCYID,CURRENCYMEASUREID,ISSIGNED) values (10104,'3','30.06.11',-1,1,-1,4500000.8,3150000.56,null,-1,null,null,1,1,1,0);
Insert into ACT (ID,NUM,SIGNDATE,ACTTYPEID,NDSID,REGIONID,TOTALSUM,SUMFORTRANSFER,STATUS,ENTERPRICEAUTHORITYID,CURRENCYRATE,RATEDATE,NDSALGORITHMID,CURRENCYID,CURRENCYMEASUREID,ISSIGNED) values (10105,'4','24.06.11',-1,1,-1,4500000.8,3150000.56,null,-1,null,null,1,1,1,0);
Insert into ACT (ID,NUM,SIGNDATE,ACTTYPEID,NDSID,REGIONID,TOTALSUM,SUMFORTRANSFER,STATUS,ENTERPRICEAUTHORITYID,CURRENCYRATE,RATEDATE,NDSALGORITHMID,CURRENCYID,CURRENCYMEASUREID,ISSIGNED) values (10106,'1','19.11.10',-1,1,-1,3540000,3540000,null,-1,null,null,1,1,1,0);
Insert into ACT (ID,NUM,SIGNDATE,ACTTYPEID,NDSID,REGIONID,TOTALSUM,SUMFORTRANSFER,STATUS,ENTERPRICEAUTHORITYID,CURRENCYRATE,RATEDATE,NDSALGORITHMID,CURRENCYID,CURRENCYMEASUREID,ISSIGNED) values (10107,'1','19.11.10',-1,1,-1,9999992.6,6999994.82,null,-1,null,null,1,1,1,0);
Insert into ACT (ID,NUM,SIGNDATE,ACTTYPEID,NDSID,REGIONID,TOTALSUM,SUMFORTRANSFER,STATUS,ENTERPRICEAUTHORITYID,CURRENCYRATE,RATEDATE,NDSALGORITHMID,CURRENCYID,CURRENCYMEASUREID,ISSIGNED) values (10108,'2','31.03.11',-1,1,-1,9999992.6,6999994.82,null,-1,null,null,1,1,1,0);
Insert into ACT (ID,NUM,SIGNDATE,ACTTYPEID,NDSID,REGIONID,TOTALSUM,SUMFORTRANSFER,STATUS,ENTERPRICEAUTHORITYID,CURRENCYRATE,RATEDATE,NDSALGORITHMID,CURRENCYID,CURRENCYMEASUREID,ISSIGNED) values (10109,null,'11.07.11',-1,1,-1,null,null,null,-1,null,null,-1,1,1,0);
Insert into ACT (ID,NUM,SIGNDATE,ACTTYPEID,NDSID,REGIONID,TOTALSUM,SUMFORTRANSFER,STATUS,ENTERPRICEAUTHORITYID,CURRENCYRATE,RATEDATE,NDSALGORITHMID,CURRENCYID,CURRENCYMEASUREID,ISSIGNED) values (10110,'1',null,-1,1,-1,23999996.4,16799997.48,null,-1,null,null,1,1,1,0);
Insert into ACT (ID,NUM,SIGNDATE,ACTTYPEID,NDSID,REGIONID,TOTALSUM,SUMFORTRANSFER,STATUS,ENTERPRICEAUTHORITYID,CURRENCYRATE,RATEDATE,NDSALGORITHMID,CURRENCYID,CURRENCYMEASUREID,ISSIGNED) values (10111,'2','30.06.10',-1,1,-1,20999999.8,14699999.86,null,-1,null,null,1,1,1,0);
Insert into ACT (ID,NUM,SIGNDATE,ACTTYPEID,NDSID,REGIONID,TOTALSUM,SUMFORTRANSFER,STATUS,ENTERPRICEAUTHORITYID,CURRENCYRATE,RATEDATE,NDSALGORITHMID,CURRENCYID,CURRENCYMEASUREID,ISSIGNED) values (10112,'3','13.11.10',-1,1,-1,18999994.2,13299995.94,null,-1,null,null,1,1,1,0);
Insert into ACT (ID,NUM,SIGNDATE,ACTTYPEID,NDSID,REGIONID,TOTALSUM,SUMFORTRANSFER,STATUS,ENTERPRICEAUTHORITYID,CURRENCYRATE,RATEDATE,NDSALGORITHMID,CURRENCYID,CURRENCYMEASUREID,ISSIGNED) values (10113,'3',null,-1,1,-1,null,null,null,-1,null,null,-1,1,1,0);
Insert into ACT (ID,NUM,SIGNDATE,ACTTYPEID,NDSID,REGIONID,TOTALSUM,SUMFORTRANSFER,STATUS,ENTERPRICEAUTHORITYID,CURRENCYRATE,RATEDATE,NDSALGORITHMID,CURRENCYID,CURRENCYMEASUREID,ISSIGNED) values (10114,null,'15.07.11',-1,1,-1,null,null,null,-1,null,null,-1,1,1,0);
Insert into ACT (ID,NUM,SIGNDATE,ACTTYPEID,NDSID,REGIONID,TOTALSUM,SUMFORTRANSFER,STATUS,ENTERPRICEAUTHORITYID,CURRENCYRATE,RATEDATE,NDSALGORITHMID,CURRENCYID,CURRENCYMEASUREID,ISSIGNED) values (10116,'1','23.11.10',-1,1,-1,10149994.2,4700,null,-1,null,null,1,1,1,0);
Insert into ACT (ID,NUM,SIGNDATE,ACTTYPEID,NDSID,REGIONID,TOTALSUM,SUMFORTRANSFER,STATUS,ENTERPRICEAUTHORITYID,CURRENCYRATE,RATEDATE,NDSALGORITHMID,CURRENCYID,CURRENCYMEASUREID,ISSIGNED) values (10117,null,null,-1,1,-1,null,null,null,-1,null,null,-1,1,1,0);
Insert into ACT (ID,NUM,SIGNDATE,ACTTYPEID,NDSID,REGIONID,TOTALSUM,SUMFORTRANSFER,STATUS,ENTERPRICEAUTHORITYID,CURRENCYRATE,RATEDATE,NDSALGORITHMID,CURRENCYID,CURRENCYMEASUREID,ISSIGNED) values (10118,'2','31.12.10',-1,1,-1,8452340,4977583.03,null,-1,null,null,1,1,1,0);
Insert into ACT (ID,NUM,SIGNDATE,ACTTYPEID,NDSID,REGIONID,TOTALSUM,SUMFORTRANSFER,STATUS,ENTERPRICEAUTHORITYID,CURRENCYRATE,RATEDATE,NDSALGORITHMID,CURRENCYID,CURRENCYMEASUREID,ISSIGNED) values (10119,null,'22.07.11',-1,1,-1,null,null,null,-1,null,null,-1,1,1,0);
Insert into ACT (ID,NUM,SIGNDATE,ACTTYPEID,NDSID,REGIONID,TOTALSUM,SUMFORTRANSFER,STATUS,ENTERPRICEAUTHORITYID,CURRENCYRATE,RATEDATE,NDSALGORITHMID,CURRENCYID,CURRENCYMEASUREID,ISSIGNED) values (10120,'3','31.03.11',-1,1,-1,7802160,4594692.02,null,-1,null,null,1,1,1,0);
Insert into ACT (ID,NUM,SIGNDATE,ACTTYPEID,NDSID,REGIONID,TOTALSUM,SUMFORTRANSFER,STATUS,ENTERPRICEAUTHORITYID,CURRENCYRATE,RATEDATE,NDSALGORITHMID,CURRENCYID,CURRENCYMEASUREID,ISSIGNED) values (10129,'2','30.06.11',-1,1,-1,4349999.2,3044999.44,null,-1,null,null,1,1,1,0);
Insert into ACT (ID,NUM,SIGNDATE,ACTTYPEID,NDSID,REGIONID,TOTALSUM,SUMFORTRANSFER,STATUS,ENTERPRICEAUTHORITYID,CURRENCYRATE,RATEDATE,NDSALGORITHMID,CURRENCYID,CURRENCYMEASUREID,ISSIGNED) values (10130,'1','28.06.11',-1,1,-1,13999992,13999992,null,-1,null,null,1,1,1,0);
Insert into ACT (ID,NUM,SIGNDATE,ACTTYPEID,NDSID,REGIONID,TOTALSUM,SUMFORTRANSFER,STATUS,ENTERPRICEAUTHORITYID,CURRENCYRATE,RATEDATE,NDSALGORITHMID,CURRENCYID,CURRENCYMEASUREID,ISSIGNED) values (10131,'3','30.06.11',-1,1,-1,4157730,2910411,null,-1,null,null,1,1,1,0);
Insert into ACT (ID,NUM,SIGNDATE,ACTTYPEID,NDSID,REGIONID,TOTALSUM,SUMFORTRANSFER,STATUS,ENTERPRICEAUTHORITYID,CURRENCYRATE,RATEDATE,NDSALGORITHMID,CURRENCYID,CURRENCYMEASUREID,ISSIGNED) values (10132,'9','17.05.11',-1,1,-1,5900000,4130000,null,-1,null,null,1,1,1,0);
Insert into ACT (ID,NUM,SIGNDATE,ACTTYPEID,NDSID,REGIONID,TOTALSUM,SUMFORTRANSFER,STATUS,ENTERPRICEAUTHORITYID,CURRENCYRATE,RATEDATE,NDSALGORITHMID,CURRENCYID,CURRENCYMEASUREID,ISSIGNED) values (10133,'11','17.05.11',-1,1,-1,5428000,3799600,null,-1,null,null,1,1,1,0);
Insert into ACT (ID,NUM,SIGNDATE,ACTTYPEID,NDSID,REGIONID,TOTALSUM,SUMFORTRANSFER,STATUS,ENTERPRICEAUTHORITYID,CURRENCYRATE,RATEDATE,NDSALGORITHMID,CURRENCYID,CURRENCYMEASUREID,ISSIGNED) values (10134,'5','30.05.11',-1,1,-1,4500000.8,3150000.56,null,-1,null,null,1,1,1,0);
Insert into ACT (ID,NUM,SIGNDATE,ACTTYPEID,NDSID,REGIONID,TOTALSUM,SUMFORTRANSFER,STATUS,ENTERPRICEAUTHORITYID,CURRENCYRATE,RATEDATE,NDSALGORITHMID,CURRENCYID,CURRENCYMEASUREID,ISSIGNED) values (10135,'2','26.11.10',-1,1,-1,2999996.6,2099997.62,null,-1,null,null,1,1,1,0);
Insert into ACT (ID,NUM,SIGNDATE,ACTTYPEID,NDSID,REGIONID,TOTALSUM,SUMFORTRANSFER,STATUS,ENTERPRICEAUTHORITYID,CURRENCYRATE,RATEDATE,NDSALGORITHMID,CURRENCYID,CURRENCYMEASUREID,ISSIGNED) values (10136,'3','30.11.10',-1,1,-1,18000074,12600051.8,null,-1,null,null,-1,1,1,0);
Insert into ACT (ID,NUM,SIGNDATE,ACTTYPEID,NDSID,REGIONID,TOTALSUM,SUMFORTRANSFER,STATUS,ENTERPRICEAUTHORITYID,CURRENCYRATE,RATEDATE,NDSALGORITHMID,CURRENCYID,CURRENCYMEASUREID,ISSIGNED) values (10137,'4','27.09.10',-1,1,-1,23999961,16799972.7,null,-1,null,null,1,1,1,0);
Insert into ACT (ID,NUM,SIGNDATE,ACTTYPEID,NDSID,REGIONID,TOTALSUM,SUMFORTRANSFER,STATUS,ENTERPRICEAUTHORITYID,CURRENCYRATE,RATEDATE,NDSALGORITHMID,CURRENCYID,CURRENCYMEASUREID,ISSIGNED) values (10138,'5','30.06.11',-1,1,-1,16999965,11899975.5,null,-1,null,null,1,1,1,0);
Insert into ACT (ID,NUM,SIGNDATE,ACTTYPEID,NDSID,REGIONID,TOTALSUM,SUMFORTRANSFER,STATUS,ENTERPRICEAUTHORITYID,CURRENCYRATE,RATEDATE,NDSALGORITHMID,CURRENCYID,CURRENCYMEASUREID,ISSIGNED) values (10139,'1','12.12.09',-1,1,-1,18999947,13299926.9,null,-1,null,null,1,1,1,0);
Insert into ACT (ID,NUM,SIGNDATE,ACTTYPEID,NDSID,REGIONID,TOTALSUM,SUMFORTRANSFER,STATUS,ENTERPRICEAUTHORITYID,CURRENCYRATE,RATEDATE,NDSALGORITHMID,CURRENCYID,CURRENCYMEASUREID,ISSIGNED) values (10140,'2','21.12.09',-1,1,-1,18000074,12600051.8,null,-1,null,null,1,1,1,0);
Insert into ACT (ID,NUM,SIGNDATE,ACTTYPEID,NDSID,REGIONID,TOTALSUM,SUMFORTRANSFER,STATUS,ENTERPRICEAUTHORITYID,CURRENCYRATE,RATEDATE,NDSALGORITHMID,CURRENCYID,CURRENCYMEASUREID,ISSIGNED) values (10141,'3','31.12.10',-1,1,-1,14514000,10159800,null,-1,null,null,1,1,1,0);
Insert into ACT (ID,NUM,SIGNDATE,ACTTYPEID,NDSID,REGIONID,TOTALSUM,SUMFORTRANSFER,STATUS,ENTERPRICEAUTHORITYID,CURRENCYRATE,RATEDATE,NDSALGORITHMID,CURRENCYID,CURRENCYMEASUREID,ISSIGNED) values (10142,null,'29.07.11',-1,1,-1,null,null,null,-1,null,null,-1,1,1,0);
Insert into ACT (ID,NUM,SIGNDATE,ACTTYPEID,NDSID,REGIONID,TOTALSUM,SUMFORTRANSFER,STATUS,ENTERPRICEAUTHORITYID,CURRENCYRATE,RATEDATE,NDSALGORITHMID,CURRENCYID,CURRENCYMEASUREID,ISSIGNED) values (10143,null,'29.07.11',-1,1,-1,null,null,null,-1,null,null,-1,1,1,0);
Insert into ACT (ID,NUM,SIGNDATE,ACTTYPEID,NDSID,REGIONID,TOTALSUM,SUMFORTRANSFER,STATUS,ENTERPRICEAUTHORITYID,CURRENCYRATE,RATEDATE,NDSALGORITHMID,CURRENCYID,CURRENCYMEASUREID,ISSIGNED) values (10144,'1',null,-1,1,-1,5000002.2,1200002.18,null,-1,null,null,1,1,1,0);
Insert into ACT (ID,NUM,SIGNDATE,ACTTYPEID,NDSID,REGIONID,TOTALSUM,SUMFORTRANSFER,STATUS,ENTERPRICEAUTHORITYID,CURRENCYRATE,RATEDATE,NDSALGORITHMID,CURRENCYID,CURRENCYMEASUREID,ISSIGNED) values (10145,'2',null,-1,1,-1,6000005,4237290,null,-1,null,null,1,1,1,0);
Insert into ACT (ID,NUM,SIGNDATE,ACTTYPEID,NDSID,REGIONID,TOTALSUM,SUMFORTRANSFER,STATUS,ENTERPRICEAUTHORITYID,CURRENCYRATE,RATEDATE,NDSALGORITHMID,CURRENCYID,CURRENCYMEASUREID,ISSIGNED) values (10146,'3',null,-1,1,-1,5000002.2,5000002.2,null,-1,null,null,1,1,1,0);
Insert into ACT (ID,NUM,SIGNDATE,ACTTYPEID,NDSID,REGIONID,TOTALSUM,SUMFORTRANSFER,STATUS,ENTERPRICEAUTHORITYID,CURRENCYRATE,RATEDATE,NDSALGORITHMID,CURRENCYID,CURRENCYMEASUREID,ISSIGNED) values (10147,null,null,-1,1,-1,null,null,null,-1,null,null,-1,1,1,0);
Insert into ACT (ID,NUM,SIGNDATE,ACTTYPEID,NDSID,REGIONID,TOTALSUM,SUMFORTRANSFER,STATUS,ENTERPRICEAUTHORITYID,CURRENCYRATE,RATEDATE,NDSALGORITHMID,CURRENCYID,CURRENCYMEASUREID,ISSIGNED) values (10148,'1','30.09.10',-1,1,-1,6000005,1200002.18,null,-1,null,null,1,1,1,0);
Insert into ACT (ID,NUM,SIGNDATE,ACTTYPEID,NDSID,REGIONID,TOTALSUM,SUMFORTRANSFER,STATUS,ENTERPRICEAUTHORITYID,CURRENCYRATE,RATEDATE,NDSALGORITHMID,CURRENCYID,CURRENCYMEASUREID,ISSIGNED) values (10149,'2','31.05.11',-1,1,-1,5000002.2,5000002.2,null,-1,null,null,1,1,1,0);
Insert into ACT (ID,NUM,SIGNDATE,ACTTYPEID,NDSID,REGIONID,TOTALSUM,SUMFORTRANSFER,STATUS,ENTERPRICEAUTHORITYID,CURRENCYRATE,RATEDATE,NDSALGORITHMID,CURRENCYID,CURRENCYMEASUREID,ISSIGNED) values (10150,'3','31.05.11',-1,1,-1,5000002.2,5000002.2,null,-1,null,null,1,1,1,0);
Insert into ACT (ID,NUM,SIGNDATE,ACTTYPEID,NDSID,REGIONID,TOTALSUM,SUMFORTRANSFER,STATUS,ENTERPRICEAUTHORITYID,CURRENCYRATE,RATEDATE,NDSALGORITHMID,CURRENCYID,CURRENCYMEASUREID,ISSIGNED) values (10151,null,'29.07.11',-1,1,-1,null,null,null,-1,null,null,-1,1,1,0);
Insert into ACT (ID,NUM,SIGNDATE,ACTTYPEID,NDSID,REGIONID,TOTALSUM,SUMFORTRANSFER,STATUS,ENTERPRICEAUTHORITYID,CURRENCYRATE,RATEDATE,NDSALGORITHMID,CURRENCYID,CURRENCYMEASUREID,ISSIGNED) values (10152,'2','30.06.11',-1,1,-1,19000194.8,13300136.36,null,-1,null,null,1,1,1,0);
Insert into ACT (ID,NUM,SIGNDATE,ACTTYPEID,NDSID,REGIONID,TOTALSUM,SUMFORTRANSFER,STATUS,ENTERPRICEAUTHORITYID,CURRENCYRATE,RATEDATE,NDSALGORITHMID,CURRENCYID,CURRENCYMEASUREID,ISSIGNED) values (10153,null,'29.07.11',-1,1,-1,null,null,null,-1,null,null,-1,1,1,0);
Insert into ACT (ID,NUM,SIGNDATE,ACTTYPEID,NDSID,REGIONID,TOTALSUM,SUMFORTRANSFER,STATUS,ENTERPRICEAUTHORITYID,CURRENCYRATE,RATEDATE,NDSALGORITHMID,CURRENCYID,CURRENCYMEASUREID,ISSIGNED) values (10154,'3','31.12.10',-1,1,-1,6599976,4619983.2,null,-1,null,null,1,1,1,0);
Insert into ACT (ID,NUM,SIGNDATE,ACTTYPEID,NDSID,REGIONID,TOTALSUM,SUMFORTRANSFER,STATUS,ENTERPRICEAUTHORITYID,CURRENCYRATE,RATEDATE,NDSALGORITHMID,CURRENCYID,CURRENCYMEASUREID,ISSIGNED) values (10155,'1','26.10.10',-1,1,-1,9900011.2,6930007.84,null,-1,null,null,1,1,1,0);
Insert into ACT (ID,NUM,SIGNDATE,ACTTYPEID,NDSID,REGIONID,TOTALSUM,SUMFORTRANSFER,STATUS,ENTERPRICEAUTHORITYID,CURRENCYRATE,RATEDATE,NDSALGORITHMID,CURRENCYID,CURRENCYMEASUREID,ISSIGNED) values (10156,'2','26.10.10',-1,1,-1,5609967.8,3926977.46,null,-1,null,null,1,1,1,0);
Insert into ACT (ID,NUM,SIGNDATE,ACTTYPEID,NDSID,REGIONID,TOTALSUM,SUMFORTRANSFER,STATUS,ENTERPRICEAUTHORITYID,CURRENCYRATE,RATEDATE,NDSALGORITHMID,CURRENCYID,CURRENCYMEASUREID,ISSIGNED) values (10157,'1','15.02.10',-1,1,-1,2454400,1718080,null,-1,null,null,1,1,1,0);
Insert into ACT (ID,NUM,SIGNDATE,ACTTYPEID,NDSID,REGIONID,TOTALSUM,SUMFORTRANSFER,STATUS,ENTERPRICEAUTHORITYID,CURRENCYRATE,RATEDATE,NDSALGORITHMID,CURRENCYID,CURRENCYMEASUREID,ISSIGNED) values (10158,'1',null,-1,1,-1,null,null,null,-1,null,null,-1,1,1,0);
Insert into ACT (ID,NUM,SIGNDATE,ACTTYPEID,NDSID,REGIONID,TOTALSUM,SUMFORTRANSFER,STATUS,ENTERPRICEAUTHORITYID,CURRENCYRATE,RATEDATE,NDSALGORITHMID,CURRENCYID,CURRENCYMEASUREID,ISSIGNED) values (10170,null,'01.08.11',-1,1,-1,null,null,null,-1,null,null,-1,1,1,0);
Insert into ACT (ID,NUM,SIGNDATE,ACTTYPEID,NDSID,REGIONID,TOTALSUM,SUMFORTRANSFER,STATUS,ENTERPRICEAUTHORITYID,CURRENCYRATE,RATEDATE,NDSALGORITHMID,CURRENCYID,CURRENCYMEASUREID,ISSIGNED) values (10171,'8','30.06.09',-1,1,-1,2403784.87,2403784.87,null,-1,null,null,1,1,1,0);
Insert into ACT (ID,NUM,SIGNDATE,ACTTYPEID,NDSID,REGIONID,TOTALSUM,SUMFORTRANSFER,STATUS,ENTERPRICEAUTHORITYID,CURRENCYRATE,RATEDATE,NDSALGORITHMID,CURRENCYID,CURRENCYMEASUREID,ISSIGNED) values (10207,'22','20.06.08',-1,1,-1,451500,451500,null,-1,null,null,1,1,1,0);
Insert into ACT (ID,NUM,SIGNDATE,ACTTYPEID,NDSID,REGIONID,TOTALSUM,SUMFORTRANSFER,STATUS,ENTERPRICEAUTHORITYID,CURRENCYRATE,RATEDATE,NDSALGORITHMID,CURRENCYID,CURRENCYMEASUREID,ISSIGNED) values (10208,'23','20.06.08',-1,1,-1,432273.89,432273.89,null,-1,null,null,1,1,1,0);
Insert into ACT (ID,NUM,SIGNDATE,ACTTYPEID,NDSID,REGIONID,TOTALSUM,SUMFORTRANSFER,STATUS,ENTERPRICEAUTHORITYID,CURRENCYRATE,RATEDATE,NDSALGORITHMID,CURRENCYID,CURRENCYMEASUREID,ISSIGNED) values (10209,'24','20.06.08',-1,1,-1,420900,420900,null,-1,null,null,1,1,1,0);
Insert into ACT (ID,NUM,SIGNDATE,ACTTYPEID,NDSID,REGIONID,TOTALSUM,SUMFORTRANSFER,STATUS,ENTERPRICEAUTHORITYID,CURRENCYRATE,RATEDATE,NDSALGORITHMID,CURRENCYID,CURRENCYMEASUREID,ISSIGNED) values (10210,'25','20.06.08',-1,1,-1,858312.35,858312.35,null,-1,null,null,1,1,1,0);
Insert into ACT (ID,NUM,SIGNDATE,ACTTYPEID,NDSID,REGIONID,TOTALSUM,SUMFORTRANSFER,STATUS,ENTERPRICEAUTHORITYID,CURRENCYRATE,RATEDATE,NDSALGORITHMID,CURRENCYID,CURRENCYMEASUREID,ISSIGNED) values (10211,'26','20.06.08',-1,1,-1,412965,412965,null,-1,null,null,-1,1,1,0);
Insert into ACT (ID,NUM,SIGNDATE,ACTTYPEID,NDSID,REGIONID,TOTALSUM,SUMFORTRANSFER,STATUS,ENTERPRICEAUTHORITYID,CURRENCYRATE,RATEDATE,NDSALGORITHMID,CURRENCYID,CURRENCYMEASUREID,ISSIGNED) values (10212,'27','20.06.08',-1,1,-1,577260.14,null,null,-1,null,null,1,1,1,0);
Insert into ACT (ID,NUM,SIGNDATE,ACTTYPEID,NDSID,REGIONID,TOTALSUM,SUMFORTRANSFER,STATUS,ENTERPRICEAUTHORITYID,CURRENCYRATE,RATEDATE,NDSALGORITHMID,CURRENCYID,CURRENCYMEASUREID,ISSIGNED) values (10213,'6/10','24.03.08',-1,1,-1,1866281.9,1866281.9,null,-1,null,null,1,1,1,0);
Insert into ACT (ID,NUM,SIGNDATE,ACTTYPEID,NDSID,REGIONID,TOTALSUM,SUMFORTRANSFER,STATUS,ENTERPRICEAUTHORITYID,CURRENCYRATE,RATEDATE,NDSALGORITHMID,CURRENCYID,CURRENCYMEASUREID,ISSIGNED) values (10214,null,null,-1,1,-1,0,974358.27,null,-1,null,null,1,1,1,0);
Insert into ACT (ID,NUM,SIGNDATE,ACTTYPEID,NDSID,REGIONID,TOTALSUM,SUMFORTRANSFER,STATUS,ENTERPRICEAUTHORITYID,CURRENCYRATE,RATEDATE,NDSALGORITHMID,CURRENCYID,CURRENCYMEASUREID,ISSIGNED) values (10215,'28','20.06.08',-1,1,-1,974358.27,974358.27,null,-1,null,null,1,1,1,0);
Insert into ACT (ID,NUM,SIGNDATE,ACTTYPEID,NDSID,REGIONID,TOTALSUM,SUMFORTRANSFER,STATUS,ENTERPRICEAUTHORITYID,CURRENCYRATE,RATEDATE,NDSALGORITHMID,CURRENCYID,CURRENCYMEASUREID,ISSIGNED) values (10216,'29','20.06.08',-1,1,-1,876531.28,null,null,-1,null,null,1,1,1,0);
Insert into ACT (ID,NUM,SIGNDATE,ACTTYPEID,NDSID,REGIONID,TOTALSUM,SUMFORTRANSFER,STATUS,ENTERPRICEAUTHORITYID,CURRENCYRATE,RATEDATE,NDSALGORITHMID,CURRENCYID,CURRENCYMEASUREID,ISSIGNED) values (10217,'30','20.06.08',-1,1,-1,806400,null,null,-1,null,null,1,1,1,0);
Insert into ACT (ID,NUM,SIGNDATE,ACTTYPEID,NDSID,REGIONID,TOTALSUM,SUMFORTRANSFER,STATUS,ENTERPRICEAUTHORITYID,CURRENCYRATE,RATEDATE,NDSALGORITHMID,CURRENCYID,CURRENCYMEASUREID,ISSIGNED) values (10218,'31','20.06.08',-1,1,-1,204527.09,204527.09,null,-1,null,null,1,1,1,0);
Insert into ACT (ID,NUM,SIGNDATE,ACTTYPEID,NDSID,REGIONID,TOTALSUM,SUMFORTRANSFER,STATUS,ENTERPRICEAUTHORITYID,CURRENCYRATE,RATEDATE,NDSALGORITHMID,CURRENCYID,CURRENCYMEASUREID,ISSIGNED) values (10219,'6/11','24.03.08',-1,1,-1,2081250,2081250,null,-1,null,null,1,1,1,0);
Insert into ACT (ID,NUM,SIGNDATE,ACTTYPEID,NDSID,REGIONID,TOTALSUM,SUMFORTRANSFER,STATUS,ENTERPRICEAUTHORITYID,CURRENCYRATE,RATEDATE,NDSALGORITHMID,CURRENCYID,CURRENCYMEASUREID,ISSIGNED) values (10220,'6/12','24.03.08',-1,1,-1,1461600,1461600,null,-1,null,null,1,1,1,0);
Insert into ACT (ID,NUM,SIGNDATE,ACTTYPEID,NDSID,REGIONID,TOTALSUM,SUMFORTRANSFER,STATUS,ENTERPRICEAUTHORITYID,CURRENCYRATE,RATEDATE,NDSALGORITHMID,CURRENCYID,CURRENCYMEASUREID,ISSIGNED) values (10221,'32','20.06.08',-1,1,-1,564300,564300,null,-1,null,null,1,1,1,0);
Insert into ACT (ID,NUM,SIGNDATE,ACTTYPEID,NDSID,REGIONID,TOTALSUM,SUMFORTRANSFER,STATUS,ENTERPRICEAUTHORITYID,CURRENCYRATE,RATEDATE,NDSALGORITHMID,CURRENCYID,CURRENCYMEASUREID,ISSIGNED) values (10222,'33','20.06.08',-1,1,-1,140400,140400,null,-1,null,null,1,1,1,0);
Insert into ACT (ID,NUM,SIGNDATE,ACTTYPEID,NDSID,REGIONID,TOTALSUM,SUMFORTRANSFER,STATUS,ENTERPRICEAUTHORITYID,CURRENCYRATE,RATEDATE,NDSALGORITHMID,CURRENCYID,CURRENCYMEASUREID,ISSIGNED) values (10223,'34','20.06.08',-1,1,-1,1766400,1766400,null,-1,null,null,1,1,1,0);
Insert into ACT (ID,NUM,SIGNDATE,ACTTYPEID,NDSID,REGIONID,TOTALSUM,SUMFORTRANSFER,STATUS,ENTERPRICEAUTHORITYID,CURRENCYRATE,RATEDATE,NDSALGORITHMID,CURRENCYID,CURRENCYMEASUREID,ISSIGNED) values (10224,null,'08.08.11',-1,1,-1,null,null,null,-1,null,null,-1,1,1,0);
Insert into ACT (ID,NUM,SIGNDATE,ACTTYPEID,NDSID,REGIONID,TOTALSUM,SUMFORTRANSFER,STATUS,ENTERPRICEAUTHORITYID,CURRENCYRATE,RATEDATE,NDSALGORITHMID,CURRENCYID,CURRENCYMEASUREID,ISSIGNED) values (10225,'35','20.06.08',-1,1,-1,949264.95,949264.95,null,-1,null,null,1,1,1,0);
Insert into ACT (ID,NUM,SIGNDATE,ACTTYPEID,NDSID,REGIONID,TOTALSUM,SUMFORTRANSFER,STATUS,ENTERPRICEAUTHORITYID,CURRENCYRATE,RATEDATE,NDSALGORITHMID,CURRENCYID,CURRENCYMEASUREID,ISSIGNED) values (10226,'36','20.06.08',-1,1,-1,1848000,1848000,null,-1,null,null,1,1,1,0);
Insert into ACT (ID,NUM,SIGNDATE,ACTTYPEID,NDSID,REGIONID,TOTALSUM,SUMFORTRANSFER,STATUS,ENTERPRICEAUTHORITYID,CURRENCYRATE,RATEDATE,NDSALGORITHMID,CURRENCYID,CURRENCYMEASUREID,ISSIGNED) values (10227,'37','20.06.08',-1,1,-1,815100,815100,null,-1,null,null,1,1,1,0);
Insert into ACT (ID,NUM,SIGNDATE,ACTTYPEID,NDSID,REGIONID,TOTALSUM,SUMFORTRANSFER,STATUS,ENTERPRICEAUTHORITYID,CURRENCYRATE,RATEDATE,NDSALGORITHMID,CURRENCYID,CURRENCYMEASUREID,ISSIGNED) values (10228,'38','20.06.08',-1,1,-1,2412135,2412135,null,-1,null,null,-1,1,1,0);
Insert into ACT (ID,NUM,SIGNDATE,ACTTYPEID,NDSID,REGIONID,TOTALSUM,SUMFORTRANSFER,STATUS,ENTERPRICEAUTHORITYID,CURRENCYRATE,RATEDATE,NDSALGORITHMID,CURRENCYID,CURRENCYMEASUREID,ISSIGNED) values (10229,'39','20.06.08',-1,1,-1,2678400,2678400,null,-1,null,null,1,1,1,0);
Insert into ACT (ID,NUM,SIGNDATE,ACTTYPEID,NDSID,REGIONID,TOTALSUM,SUMFORTRANSFER,STATUS,ENTERPRICEAUTHORITYID,CURRENCYRATE,RATEDATE,NDSALGORITHMID,CURRENCYID,CURRENCYMEASUREID,ISSIGNED) values (10230,'40','20.06.08',-1,1,-1,455400,455400,null,-1,null,null,1,1,1,0);
Insert into ACT (ID,NUM,SIGNDATE,ACTTYPEID,NDSID,REGIONID,TOTALSUM,SUMFORTRANSFER,STATUS,ENTERPRICEAUTHORITYID,CURRENCYRATE,RATEDATE,NDSALGORITHMID,CURRENCYID,CURRENCYMEASUREID,ISSIGNED) values (10231,'42','20.06.08',-1,1,-1,5087250,5087250,null,-1,null,null,1,1,1,0);
Insert into ACT (ID,NUM,SIGNDATE,ACTTYPEID,NDSID,REGIONID,TOTALSUM,SUMFORTRANSFER,STATUS,ENTERPRICEAUTHORITYID,CURRENCYRATE,RATEDATE,NDSALGORITHMID,CURRENCYID,CURRENCYMEASUREID,ISSIGNED) values (10232,'42','20.06.08',-1,1,-1,3001196.25,3001196.25,null,-1,null,null,1,1,1,0);
Insert into ACT (ID,NUM,SIGNDATE,ACTTYPEID,NDSID,REGIONID,TOTALSUM,SUMFORTRANSFER,STATUS,ENTERPRICEAUTHORITYID,CURRENCYRATE,RATEDATE,NDSALGORITHMID,CURRENCYID,CURRENCYMEASUREID,ISSIGNED) values (10233,'42','20.06.08',-1,1,-1,979919.69,979919.69,null,-1,null,null,1,1,1,0);
Insert into ACT (ID,NUM,SIGNDATE,ACTTYPEID,NDSID,REGIONID,TOTALSUM,SUMFORTRANSFER,STATUS,ENTERPRICEAUTHORITYID,CURRENCYRATE,RATEDATE,NDSALGORITHMID,CURRENCYID,CURRENCYMEASUREID,ISSIGNED) values (10234,'44','20.06.08',-1,1,-1,433071.87,433071.87,null,-1,null,null,1,1,1,0);
Insert into ACT (ID,NUM,SIGNDATE,ACTTYPEID,NDSID,REGIONID,TOTALSUM,SUMFORTRANSFER,STATUS,ENTERPRICEAUTHORITYID,CURRENCYRATE,RATEDATE,NDSALGORITHMID,CURRENCYID,CURRENCYMEASUREID,ISSIGNED) values (10235,'45','20.06.08',-1,1,-1,264201.76,264201.76,null,-1,null,null,1,1,1,0);
Insert into ACT (ID,NUM,SIGNDATE,ACTTYPEID,NDSID,REGIONID,TOTALSUM,SUMFORTRANSFER,STATUS,ENTERPRICEAUTHORITYID,CURRENCYRATE,RATEDATE,NDSALGORITHMID,CURRENCYID,CURRENCYMEASUREID,ISSIGNED) values (10236,'46','20.06.08',-1,1,-1,142715.98,142715.98,null,-1,null,null,1,1,1,0);
Insert into ACT (ID,NUM,SIGNDATE,ACTTYPEID,NDSID,REGIONID,TOTALSUM,SUMFORTRANSFER,STATUS,ENTERPRICEAUTHORITYID,CURRENCYRATE,RATEDATE,NDSALGORITHMID,CURRENCYID,CURRENCYMEASUREID,ISSIGNED) values (10237,'47','20.06.08',-1,1,-1,246439.83,246439.83,null,-1,null,null,1,1,1,0);
Insert into ACT (ID,NUM,SIGNDATE,ACTTYPEID,NDSID,REGIONID,TOTALSUM,SUMFORTRANSFER,STATUS,ENTERPRICEAUTHORITYID,CURRENCYRATE,RATEDATE,NDSALGORITHMID,CURRENCYID,CURRENCYMEASUREID,ISSIGNED) values (10238,'48','20.06.08',-1,1,-1,203943.95,203943.95,null,-1,null,null,1,1,1,0);
Insert into ACT (ID,NUM,SIGNDATE,ACTTYPEID,NDSID,REGIONID,TOTALSUM,SUMFORTRANSFER,STATUS,ENTERPRICEAUTHORITYID,CURRENCYRATE,RATEDATE,NDSALGORITHMID,CURRENCYID,CURRENCYMEASUREID,ISSIGNED) values (10239,'49','20.06.08',-1,1,-1,72000,72000,null,-1,null,null,1,1,1,0);
Insert into ACT (ID,NUM,SIGNDATE,ACTTYPEID,NDSID,REGIONID,TOTALSUM,SUMFORTRANSFER,STATUS,ENTERPRICEAUTHORITYID,CURRENCYRATE,RATEDATE,NDSALGORITHMID,CURRENCYID,CURRENCYMEASUREID,ISSIGNED) values (10240,'50','20.06.08',-1,1,-1,395931.24,395931.24,null,-1,null,null,1,1,1,0);
Insert into ACT (ID,NUM,SIGNDATE,ACTTYPEID,NDSID,REGIONID,TOTALSUM,SUMFORTRANSFER,STATUS,ENTERPRICEAUTHORITYID,CURRENCYRATE,RATEDATE,NDSALGORITHMID,CURRENCYID,CURRENCYMEASUREID,ISSIGNED) values (10241,'6/13','24.03.08',-1,1,-1,2512477.5,2512477.5,null,-1,null,null,1,1,1,0);
Insert into ACT (ID,NUM,SIGNDATE,ACTTYPEID,NDSID,REGIONID,TOTALSUM,SUMFORTRANSFER,STATUS,ENTERPRICEAUTHORITYID,CURRENCYRATE,RATEDATE,NDSALGORITHMID,CURRENCYID,CURRENCYMEASUREID,ISSIGNED) values (10242,'51','20.06.08',-1,1,-1,178783.02,178783.02,null,-1,null,null,1,1,1,0);
Insert into ACT (ID,NUM,SIGNDATE,ACTTYPEID,NDSID,REGIONID,TOTALSUM,SUMFORTRANSFER,STATUS,ENTERPRICEAUTHORITYID,CURRENCYRATE,RATEDATE,NDSALGORITHMID,CURRENCYID,CURRENCYMEASUREID,ISSIGNED) values (10243,'52','20.06.08',-1,1,-1,29797.17,29797.17,null,-1,null,null,1,1,1,0);
Insert into ACT (ID,NUM,SIGNDATE,ACTTYPEID,NDSID,REGIONID,TOTALSUM,SUMFORTRANSFER,STATUS,ENTERPRICEAUTHORITYID,CURRENCYRATE,RATEDATE,NDSALGORITHMID,CURRENCYID,CURRENCYMEASUREID,ISSIGNED) values (10244,'53','20.06.08',-1,1,-1,127045,127045,null,-1,null,null,1,1,1,0);
Insert into ACT (ID,NUM,SIGNDATE,ACTTYPEID,NDSID,REGIONID,TOTALSUM,SUMFORTRANSFER,STATUS,ENTERPRICEAUTHORITYID,CURRENCYRATE,RATEDATE,NDSALGORITHMID,CURRENCYID,CURRENCYMEASUREID,ISSIGNED) values (10245,'54','20.08.06',-1,1,-1,211342.25,211342.25,null,-1,null,null,1,1,1,0);
Insert into ACT (ID,NUM,SIGNDATE,ACTTYPEID,NDSID,REGIONID,TOTALSUM,SUMFORTRANSFER,STATUS,ENTERPRICEAUTHORITYID,CURRENCYRATE,RATEDATE,NDSALGORITHMID,CURRENCYID,CURRENCYMEASUREID,ISSIGNED) values (10246,'55','20.06.08',-1,1,-1,214217.64,214217.64,null,-1,null,null,1,1,1,0);
Insert into ACT (ID,NUM,SIGNDATE,ACTTYPEID,NDSID,REGIONID,TOTALSUM,SUMFORTRANSFER,STATUS,ENTERPRICEAUTHORITYID,CURRENCYRATE,RATEDATE,NDSALGORITHMID,CURRENCYID,CURRENCYMEASUREID,ISSIGNED) values (10247,'56','20.06.08',-1,1,-1,535468.53,535468.53,null,-1,1,null,null,1,1,1,0);
Insert into ACT (ID,NUM,SIGNDATE,ACTTYPEID,NDSID,REGIONID,TOTALSUM,SUMFORTRANSFER,STATUS,ENTERPRICEAUTHORITYID,CURRENCYRATE,RATEDATE,NDSALGORITHMID,CURRENCYID,CURRENCYMEASUREID,ISSIGNED) values (10248,'6/14','24.03.08',-1,-1,2053260,2053260,null,-1,null,null,1,1,1,0);
Insert into ACT (ID,NUM,SIGNDATE,ACTTYPEID,NDSID,REGIONID,TOTALSUM,SUMFORTRANSFER,STATUS,ENTERPRICEAUTHORITYID,CURRENCYRATE,RATEDATE,NDSALGORITHMID,CURRENCYID,CURRENCYMEASUREID,ISSIGNED) values (10249,'6/14','20.06.08',-1,1,-1,2108700,2108700,null,-1,null,null,1,1,1,0);
Insert into ACT (ID,NUM,SIGNDATE,ACTTYPEID,NDSID,REGIONID,TOTALSUM,SUMFORTRANSFER,STATUS,ENTERPRICEAUTHORITYID,CURRENCYRATE,RATEDATE,NDSALGORITHMID,CURRENCYID,CURRENCYMEASUREID,ISSIGNED) values (10250,'57','20.06.08',-1,1,-1,1365183.76,1365183.76,null,-1,null,null,1,1,1,0);
Insert into ACT (ID,NUM,SIGNDATE,ACTTYPEID,NDSID,REGIONID,TOTALSUM,SUMFORTRANSFER,STATUS,ENTERPRICEAUTHORITYID,CURRENCYRATE,RATEDATE,NDSALGORITHMID,CURRENCYID,CURRENCYMEASUREID,ISSIGNED) values (10251,'6/16','24.03.08',-1,1,-1,5523005.65,5523005.65,null,-1,null,null,1,1,1,0);
Insert into ACT (ID,NUM,SIGNDATE,ACTTYPEID,NDSID,REGIONID,TOTALSUM,SUMFORTRANSFER,STATUS,ENTERPRICEAUTHORITYID,CURRENCYRATE,RATEDATE,NDSALGORITHMID,CURRENCYID,CURRENCYMEASUREID,ISSIGNED) values (10252,'6/17','24.03.08',-1,1,-1,2242212.14,2242212.14,null,-1,null,null,1,1,1,0);
Insert into ACT (ID,NUM,SIGNDATE,ACTTYPEID,NDSID,REGIONID,TOTALSUM,SUMFORTRANSFER,STATUS,ENTERPRICEAUTHORITYID,CURRENCYRATE,RATEDATE,NDSALGORITHMID,CURRENCYID,CURRENCYMEASUREID,ISSIGNED) values (10253,'58','20.06.08',-1,1,-1,952282.66,952282.66,null,-1,null,null,1,1,1,0);
Insert into ACT (ID,NUM,SIGNDATE,ACTTYPEID,NDSID,REGIONID,TOTALSUM,SUMFORTRANSFER,STATUS,ENTERPRICEAUTHORITYID,CURRENCYRATE,RATEDATE,NDSALGORITHMID,CURRENCYID,CURRENCYMEASUREID,ISSIGNED) values (10254,'6/18','24.03.08',-1,1,-1,2798978.91,2798978.91,null,-1,null,null,1,1,1,0);
Insert into ACT (ID,NUM,SIGNDATE,ACTTYPEID,NDSID,REGIONID,TOTALSUM,SUMFORTRANSFER,STATUS,ENTERPRICEAUTHORITYID,CURRENCYRATE,RATEDATE,NDSALGORITHMID,CURRENCYID,CURRENCYMEASUREID,ISSIGNED) values (10255,'59','20.06.08',-1,1,-1,913307.17,913307.17,null,-1,null,null,1,1,1,0);
Insert into ACT (ID,NUM,SIGNDATE,ACTTYPEID,NDSID,REGIONID,TOTALSUM,SUMFORTRANSFER,STATUS,ENTERPRICEAUTHORITYID,CURRENCYRATE,RATEDATE,NDSALGORITHMID,CURRENCYID,CURRENCYMEASUREID,ISSIGNED) values (10256,'60','20.06.08',-1,1,-1,2531529,2531529,null,-1,null,null,1,1,1,0);
Insert into ACT (ID,NUM,SIGNDATE,ACTTYPEID,NDSID,REGIONID,TOTALSUM,SUMFORTRANSFER,STATUS,ENTERPRICEAUTHORITYID,CURRENCYRATE,RATEDATE,NDSALGORITHMID,CURRENCYID,CURRENCYMEASUREID,ISSIGNED) values (10257,'61','20.06.08',-1,1,-1,1401600,1401600,null,-1,null,null,1,1,1,0);
Insert into ACT (ID,NUM,SIGNDATE,ACTTYPEID,NDSID,REGIONID,TOTALSUM,SUMFORTRANSFER,STATUS,ENTERPRICEAUTHORITYID,CURRENCYRATE,RATEDATE,NDSALGORITHMID,CURRENCYID,CURRENCYMEASUREID,ISSIGNED) values (10258,'6/19','24.03.08',-1,1,-1,4810666.67,4810666.67,null,-1,null,null,1,1,1,0);
Insert into ACT (ID,NUM,SIGNDATE,ACTTYPEID,NDSID,REGIONID,TOTALSUM,SUMFORTRANSFER,STATUS,ENTERPRICEAUTHORITYID,CURRENCYRATE,RATEDATE,NDSALGORITHMID,CURRENCYID,CURRENCYMEASUREID,ISSIGNED) values (10259,'62','20.06.08',-1,1,-1,116208.96,116208.96,null,-1,null,null,1,1,1,0);
Insert into ACT (ID,NUM,SIGNDATE,ACTTYPEID,NDSID,REGIONID,TOTALSUM,SUMFORTRANSFER,STATUS,ENTERPRICEAUTHORITYID,CURRENCYRATE,RATEDATE,NDSALGORITHMID,CURRENCYID,CURRENCYMEASUREID,ISSIGNED) values (10260,'63','20.06.08',-1,1,-1,208070.03,208070.03,null,-1,null,null,1,1,1,0);
Insert into ACT (ID,NUM,SIGNDATE,ACTTYPEID,NDSID,REGIONID,TOTALSUM,SUMFORTRANSFER,STATUS,ENTERPRICEAUTHORITYID,CURRENCYRATE,RATEDATE,NDSALGORITHMID,CURRENCYID,CURRENCYMEASUREID,ISSIGNED) values (10261,'64','20.06.08',-1,1,-1,548397.16,548397.16,null,-1,null,null,1,1,1,0);
Insert into ACT (ID,NUM,SIGNDATE,ACTTYPEID,NDSID,REGIONID,TOTALSUM,SUMFORTRANSFER,STATUS,ENTERPRICEAUTHORITYID,CURRENCYRATE,RATEDATE,NDSALGORITHMID,CURRENCYID,CURRENCYMEASUREID,ISSIGNED) values (10262,'65','20.06.08',-1,1,-1,321326.46,321326.46,null,-1,null,null,1,1,1,0);
Insert into ACT (ID,NUM,SIGNDATE,ACTTYPEID,NDSID,REGIONID,TOTALSUM,SUMFORTRANSFER,STATUS,ENTERPRICEAUTHORITYID,CURRENCYRATE,RATEDATE,NDSALGORITHMID,CURRENCYID,CURRENCYMEASUREID,ISSIGNED) values (10263,'6/20','24.03.08',-1,1,-1,7955424,7955424,null,-1,null,null,1,1,1,0);
Insert into ACT (ID,NUM,SIGNDATE,ACTTYPEID,NDSID,REGIONID,TOTALSUM,SUMFORTRANSFER,STATUS,ENTERPRICEAUTHORITYID,CURRENCYRATE,RATEDATE,NDSALGORITHMID,CURRENCYID,CURRENCYMEASUREID,ISSIGNED) values (10264,'6/21','24.03.08',-1,1,-1,23320348.54,23320348.54,null,-1,null,null,1,1,1,0);
Insert into ACT (ID,NUM,SIGNDATE,ACTTYPEID,NDSID,REGIONID,TOTALSUM,SUMFORTRANSFER,STATUS,ENTERPRICEAUTHORITYID,CURRENCYRATE,RATEDATE,NDSALGORITHMID,CURRENCYID,CURRENCYMEASUREID,ISSIGNED) values (10265,'66','20.06.08',-1,1,-1,1746976.14,1746976.14,null,-1,null,null,1,1,1,0);
Insert into ACT (ID,NUM,SIGNDATE,ACTTYPEID,NDSID,REGIONID,TOTALSUM,SUMFORTRANSFER,STATUS,ENTERPRICEAUTHORITYID,CURRENCYRATE,RATEDATE,NDSALGORITHMID,CURRENCYID,CURRENCYMEASUREID,ISSIGNED) values (10266,'67','20.06.08',-1,1,-1,1455813.45,1455813.45,null,-1,null,null,1,1,1,0);
Insert into ACT (ID,NUM,SIGNDATE,ACTTYPEID,NDSID,REGIONID,TOTALSUM,SUMFORTRANSFER,STATUS,ENTERPRICEAUTHORITYID,CURRENCYRATE,RATEDATE,NDSALGORITHMID,CURRENCYID,CURRENCYMEASUREID,ISSIGNED) values (10267,'68','20.06.08',-1,1,-1,856870.56,856870.56,null,-1,null,null,1,1,1,0);
Insert into ACT (ID,NUM,SIGNDATE,ACTTYPEID,NDSID,REGIONID,TOTALSUM,SUMFORTRANSFER,STATUS,ENTERPRICEAUTHORITYID,CURRENCYRATE,RATEDATE,NDSALGORITHMID,CURRENCYID,CURRENCYMEASUREID,ISSIGNED) values (10268,'69','20.06.08',-1,1,-1,2911626.9,2911626.9,null,-1,null,null,1,1,1,0);
Insert into ACT (ID,NUM,SIGNDATE,ACTTYPEID,NDSID,REGIONID,TOTALSUM,SUMFORTRANSFER,STATUS,ENTERPRICEAUTHORITYID,CURRENCYRATE,RATEDATE,NDSALGORITHMID,CURRENCYID,CURRENCYMEASUREID,ISSIGNED) values (10269,'70','20.06.08',-1,1,-1,3496505.14,3496505.14,null,-1,null,null,1,1,1,0);
Insert into ACT (ID,NUM,SIGNDATE,ACTTYPEID,NDSID,REGIONID,TOTALSUM,SUMFORTRANSFER,STATUS,ENTERPRICEAUTHORITYID,CURRENCYRATE,RATEDATE,NDSALGORITHMID,CURRENCYID,CURRENCYMEASUREID,ISSIGNED) values (10270,'71','20.06.08',-1,1,-1,3703321.44,3703321.44,null,-1,null,null,1,1,1,0);
Insert into ACT (ID,NUM,SIGNDATE,ACTTYPEID,NDSID,REGIONID,TOTALSUM,SUMFORTRANSFER,STATUS,ENTERPRICEAUTHORITYID,CURRENCYRATE,RATEDATE,NDSALGORITHMID,CURRENCYID,CURRENCYMEASUREID,ISSIGNED) values (10271,'72','20.06.08',-1,1,-1,818400,818400,null,-1,null,null,1,1,1,0);
Insert into ACT (ID,NUM,SIGNDATE,ACTTYPEID,NDSID,REGIONID,TOTALSUM,SUMFORTRANSFER,STATUS,ENTERPRICEAUTHORITYID,CURRENCYRATE,RATEDATE,NDSALGORITHMID,CURRENCYID,CURRENCYMEASUREID,ISSIGNED) values (10272,'73','20.06.08',-1,1,-1,2940800,2940800,null,-1,null,null,1,1,1,0);


delete from PERSON
Insert into PERSON (ID,DEGREEID,ISCONTRACTHEADAUTHORITY,ISACTSIGNAUTHORITY,ISVALID,FAMILYNAME,FIRSTNAME,MIDDLENAME,SEX,CONTRACTORPOSITIONID) values (2,null,0,0,1,'Сторонский ','Николай','Миронович',1,1);
Insert into PERSON (ID,DEGREEID,ISCONTRACTHEADAUTHORITY,ISACTSIGNAUTHORITY,ISVALID,FAMILYNAME,FIRSTNAME,MIDDLENAME,SEX,CONTRACTORPOSITIONID) values (3,1,0,0,1,'Брысьева','Елена','Викторовна',0,null);
Insert into PERSON (ID,DEGREEID,ISCONTRACTHEADAUTHORITY,ISACTSIGNAUTHORITY,ISVALID,FAMILYNAME,FIRSTNAME,MIDDLENAME,SEX,CONTRACTORPOSITIONID) values (4,null,0,0,1,'Охорзин','Юрий ','Николаевич',1,null);
Insert into PERSON (ID,DEGREEID,ISCONTRACTHEADAUTHORITY,ISACTSIGNAUTHORITY,ISVALID,FAMILYNAME,FIRSTNAME,MIDDLENAME,SEX,CONTRACTORPOSITIONID) values (5,null,0,0,1,'Урумян','Елена','Викторовна',1,null);
Insert into PERSON (ID,DEGREEID,ISCONTRACTHEADAUTHORITY,ISACTSIGNAUTHORITY,ISVALID,FAMILYNAME,FIRSTNAME,MIDDLENAME,SEX,CONTRACTORPOSITIONID) values (-1,-1,0,0,0,'(Нет данных)','(Нет данных)','(Нет данных)',1,null);


-- ЭТО ТЕСТОВЫЙ СКРИПТ ДЛЯ ЕДИНСТВЕННОГО ДОГОВОРА 4023, ОН ОТОБРАЖАЕТСЯ 2 РАЗА

-- INSERTING into CONTRACTTYPE
delete from CONTRACTTYPE;
Insert into CONTRACTTYPE (ID,NAME,REPORTORDER) values (7,'Оказание услуг',2);
Insert into CONTRACTTYPE (ID,NAME,REPORTORDER) values (1,'НИОКР',1);
Insert into CONTRACTTYPE (ID,NAME,REPORTORDER) values (2,'Газификация и газоснабжение регионов',4);
Insert into CONTRACTTYPE (ID,NAME,REPORTORDER) values (3,'ПИР',3);
Insert into CONTRACTTYPE (ID,NAME,REPORTORDER) values (4,'Экспертиза сметной документации',5);
Insert into CONTRACTTYPE (ID,NAME,REPORTORDER) values (5,'Производство',6);
Insert into CONTRACTTYPE (ID,NAME,REPORTORDER) values (6,'Прочие',7);
Insert into CONTRACTTYPE (ID,NAME,REPORTORDER) values (-1,'(Не определён)',null);
Insert into CONTRACTTYPE (ID,NAME,REPORTORDER) values (10000,'Услуги',2);


Insert into CONTRACTDOC (ID,PRICE,CONTRACTTYPEID,STARTAT,ENDSAT,APPLIEDAT,APPROVEDAT,INTERNALNUM,CONTRACTORNUM,CURRENCYID,ORIGINCONTRACTID,NDSALGORITHMID,PREPAYMENTSUM,PREPAYMENTPERCENT,PREPAYMENTNDSALGORITHMID,NDSID,CONTRACTSTATEID,CURRENCYMEASUREID,CONTRACTORID,ISPROTECTABILITY,SUBJECT,                                                                                CURRENCYRATE,RATEDATE,DESCRIPTION,CONTRACTORPERSONID,ISACTIVE,AUTHORITYID,PREPAYMENTPRECENTTYPE,DELETED,DEPARTMENTID,AGREEMENTNUM) 
              values (12420,23560000,10000,      '01.09.09','31.08.12',null,'31.12.09','4023',    null,         1,         null,              2,             null,           null,           null,                  1,       2,              1,               7,                 null,   'Оказание инжиниринговых услуг по внедрению мониторинга теплового хозяйства ОАО Газпром',null,         null,     null,            null,        1,          null,         null,           null,      -1,           null);


			  
Insert into FUNCTIONALCUSTOMERCONTRACT (ID,FUNCTIONALCUSTOMERID,CONTRACTDOCID) values (10108,4,12420);